timestamp,sample_number,csi_data
0.04153871536254883,1,"CSI,200,128,101,81,22,0,16,-14,15,-14,15,-15,16,-15,16,-15,15,-15,14,-15,13,-15,13,-15,13,-15,12,-15,12,-15,12,-15,13,-14,13,-14,13,-14,12,-13,12,-12,12,-11,12,-11,11,-10,11,-10,11,-9,10,-8,10,-8,2,-2,0,0,0,0,0,0,0,0,0,0,0,0,0,0,0,0,0,0,2,-4,11,-14,11,-14,12,-14,13,-15,14,-15,14,-15,15,-15,16,-15,17,-15,18,-15,18,-15,18,-15,18,-14,18,-14,18,-14,18,-14,18,-14,18,-14,18,-14,18,-15,18,-15,17,-15,17,-15,17,-15,18,-15,18,-16"
0.14913368225097656,2,"CSI,201,128,101,81,22,0,11,-21,11,-21,11,-21,11,-21,11,-21,10,-21,9,-21,8,-21,8,-21,8,-21,7,-21,7,-21,7,-20,8,-20,8,-19,8,-19,8,-18,7,-18,7,-17,8,-16,8,-15,8,-14,8,-13,8,-12,7,-12,1,-3,0,0,0,0,0,0,0,0,0,0,0,0,0,0,0,0,0,0,1,-5,6,-18,7,-19,8,-19,8,-20,9,-20,9,-21,10,-22,11,-22,12,-22,13,-22,14,-22,13,-22,13,-22,14,-22,14,-21,14,-21,14,-21,13,-21,14,-21,13,-21,13,-22,12,-22,12,-22,12,-22,13,-22,13,-23"
0.246567964553833,3,"CSI,202,128,101,81,22,0,-19,-5,-19,-5,-19,-4,-19,-4,-19,-3,-18,-3,-18,-3,-18,-3,-18,-3,-18,-3,-18,-3,-17,-2,-17,-2,-18,-2,-17,-2,-17,-2,-16,-3,-15,-4,-15,-4,-14,-3,-14,-3,-13,-3,-12,-3,-12,-3,-11,-4,-3,-1,0,0,0,0,0,0,0,0,0,0,0,0,0,0,0,0,0,0,-4,-1,-16,-2,-16,-2,-17,-2,-17,-3,-18,-3,-18,-4,-19,-5,-19,-5,-20,-5,-20,-5,-20,-6,-20,-7,-20,-7,-20,-7,-20,-7,-20,-7,-20,-7,-20,-7,-20,-6,-20,-5,-20,-5,-20,-6,-19,-6,-20,-6,-20,-5,-21,-5"
0.36349010467529297,4,"CSI,203,128,101,81,22,0,-21,-13,-21,-13,-21,-12,-21,-11,-21,-10,-21,-10,-21,-10,-21,-10,-21,-10,-20,-10,-20,-10,-20,-9,-20,-9,-20,-8,-20,-8,-19,-9,-18,-9,-17,-9,-16,-9,-16,-9,-15,-8,-14,-8,-13,-8,-12,-8,-12,-9,-3,-3,0,0,0,0,0,0,0,0,0,0,0,0,0,0,0,0,0,0,-5,-2,-19,-7,-19,-8,-20,-8,-20,-9,-21,-10,-22,-11,-22,-12,-23,-13,-23,-13,-23,-13,-22,-14,-22,-15,-22,-16,-22,-16,-22,-16,-22,-15,-22,-15,-22,-15,-22,-14,-22,-14,-22,-14,-22,-14,-22,-14,-22,-14,-23,-13,-24,-13"
0.392291784286499,5,"CSI,3261,128,83,49,21,0,-6,23,-8,22,-7,19,-4,17,-3,18,-4,16,-3,9,-2,5,-1,7,1,7,4,5,5,5,7,4,9,1,12,1,12,3,11,2,12,1,13,3,11,4,11,2,11,2,9,1,6,1,4,1,1,0,0,0,0,0,0,0,0,0,0,0,0,0,0,0,0,0,0,0,0,-1,1,-3,-1,-1,-2,0,-2,0,-3,0,-5,2,-7,4,-10,3,-13,1,-14,2,-15,3,-17,2,-17,-2,-15,-4,-16,-4,-18,-3,-16,-4,-14,-4,-14,-3,-12,0,-10,2,-8,4,-7,7,-6,8,-4,9,-2,11"
0.46740198135375977,6,"CSI,204,128,101,81,22,0,-23,3,-23,3,-23,3,-23,3,-22,4,-22,4,-21,4,-21,4,-21,5,-20,5,-20,5,-19,5,-19,5,-20,5,-20,5,-19,5,-18,4,-17,3,-17,3,-16,3,-16,2,-15,2,-15,2,-14,1,-13,1,-4,0,0,0,0,0,0,0,0,0,0,0,0,0,0,0,0,0,0,0,-5,1,-19,4,-20,4,-20,4,-21,3,-22,3,-23,3,-23,2,-24,2,-25,1,-26,1,-26,1,-25,0,-25,0,-25,0,-25,0,-25,0,-25,0,-25,0,-25,1,-25,1,-25,1,-24,1,-24,1,-24,2,-25,2,-26,1"
0.5886728763580322,7,"CSI,205,128,101,81,22,0,-15,-11,-15,-11,-16,-10,-16,-9,-15,-9,-15,-9,-15,-9,-16,-9,-15,-8,-15,-8,-15,-8,-15,-8,-15,-7,-15,-7,-15,-7,-14,-7,-14,-8,-13,-8,-12,-8,-12,-7,-11,-7,-11,-7,-10,-6,-10,-6,-9,-7,-3,-2,0,0,0,0,0,0,0,0,0,0,0,0,0,0,0,0,0,0,-4,-2,-14,-7,-14,-8,-14,-9,-15,-9,-15,-10,-16,-11,-16,-11,-16,-12,-16,-12,-16,-13,-16,-13,-16,-14,-16,-14,-15,-14,-15,-14,-16,-14,-16,-14,-16,-13,-16,-13,-16,-12,-16,-12,-16,-12,-16,-12,-16,-12,-16,-12,-17,-12"
0.6193089485168457,8,"CSI,3269,128,83,49,21,0,-10,22,-10,21,-8,17,-10,18,-11,20,-10,20,-10,19,-8,19,-3,15,-1,11,1,8,1,8,0,10,-1,12,-1,12,3,12,6,12,4,12,3,11,3,11,2,12,1,11,0,10,-1,9,-1,9,0,2,0,0,0,0,0,0,0,0,0,0,0,0,0,0,0,0,0,0,-1,-1,-2,-2,0,-1,1,0,0,1,1,3,2,4,0,6,-1,9,-4,9,-7,10,-9,12,-10,12,-11,12,-13,12,-14,10,-14,8,-13,5,-11,2,-9,2,-9,6,-9,7,-5,6,-1,7,1,10,-1,13,-1,14"
0.6527349948883057,9,"CSI,3124,128,77,-47,20,0,-24,-7,-28,-5,-25,-5,-22,-6,-21,-8,-20,-8,-17,-9,-15,-10,-15,-6,-14,0,-10,3,-7,3,-6,4,-8,6,-10,8,-10,7,-11,5,-12,6,-10,6,-9,5,-9,6,-10,6,-10,4,-10,1,-10,-2,-3,-1,0,0,0,0,0,0,0,0,0,0,0,0,0,0,0,0,0,0,1,-1,3,-1,1,-1,0,0,-1,0,-2,0,-4,-1,-6,-3,-7,-4,-10,-5,-12,-9,-11,-13,-10,-17,-11,-19,-9,-18,-6,-14,-5,-12,-6,-13,-5,-13,-3,-12,-3,-11,-4,-7,-7,-4,-10,-5,-12,-6,-15,-5,-18,-5"
0.683189868927002,10,"CSI,3125,128,77,-47,20,0,24,3,22,2,22,3,20,2,17,0,16,1,17,3,16,7,13,6,10,1,7,-4,5,-6,6,-7,7,-9,7,-11,6,-12,8,-13,9,-12,10,-10,10,-11,8,-12,7,-10,10,-8,12,-6,10,-4,2,-1,0,0,0,0,0,0,0,0,0,0,0,0,0,0,0,0,0,0,-1,0,-3,1,-3,-1,-2,-2,-1,-2,-1,0,2,2,5,3,7,4,9,4,10,6,8,10,6,15,5,18,5,15,5,13,4,16,4,17,3,12,2,7,3,6,5,7,8,5,10,4,11,3,16,1,22,-1"
0.7193679809570312,11,"CSI,145,128,-117,-78,40,0,-18,15,-17,15,-17,14,-17,14,-17,15,-16,15,-15,15,-14,15,-14,15,-14,15,-13,15,-13,15,-13,15,-13,14,-14,14,-13,14,-13,13,-12,12,-12,11,-12,11,-12,10,-11,9,-11,9,-11,8,-11,7,-3,1,0,0,0,0,0,0,0,0,0,0,0,0,0,0,0,0,0,0,-4,3,-13,14,-13,14,-14,14,-16,14,-16,15,-17,15,-17,15,-18,15,-19,15,-20,15,-21,14,-20,14,-20,14,-21,14,-21,14,-20,14,-20,14,-20,14,-20,14,-20,14,-20,14,-19,15,-18,14,-19,14,-19,14,-20,15"
0.7471628189086914,12,"CSI,206,128,101,81,22,0,21,4,20,4,21,3,21,3,20,2,20,2,20,2,20,2,19,2,19,1,19,1,18,1,18,1,19,0,19,1,18,1,17,2,16,2,16,2,15,2,14,2,14,2,13,2,12,2,12,3,2,0,0,0,0,0,0,0,0,0,0,0,0,0,0,0,0,0,0,0,4,0,18,0,18,1,19,1,19,2,20,2,20,3,21,4,22,5,23,5,23,5,22,6,22,7,22,7,22,7,22,7,22,7,22,7,22,6,22,6,22,5,22,5,22,5,22,5,22,5,22,5,23,4"
0.7804937362670898,13,"CSI,3272,128,83,49,21,0,-24,0,-24,-2,-24,-3,-21,-3,-18,-2,-18,0,-14,-2,-9,-6,-10,-5,-12,-1,-9,0,-7,1,-7,6,-5,9,-4,10,-5,12,-5,14,-3,14,-2,13,-1,12,-2,11,-4,11,-4,10,-3,9,-3,8,-1,2,0,0,0,0,0,0,0,0,0,0,0,0,0,0,0,0,0,0,1,-1,4,-2,2,-1,1,0,-1,0,-3,-2,-3,-4,-3,-5,-4,-8,-5,-10,-5,-12,-5,-14,-4,-16,-1,-18,0,-19,-1,-19,-1,-17,1,-17,0,-15,-1,-12,-1,-9,-3,-6,-6,-4,-8,-3,-9,-2,-11,0,-14,1"
0.8105709552764893,14,"CSI,207,128,101,81,22,0,10,15,10,14,10,14,10,13,10,13,10,12,10,12,11,12,11,12,11,12,11,12,10,11,10,11,10,11,10,10,10,11,9,11,9,11,8,10,7,10,7,9,7,9,6,8,6,8,5,8,1,2,0,0,0,0,0,0,0,0,0,0,0,0,0,0,0,0,0,0,2,2,10,10,10,11,10,11,10,12,10,13,11,14,11,15,11,15,10,16,10,16,10,16,10,17,10,17,10,17,10,17,10,17,10,17,9,16,9,16,10,15,10,15,10,16,10,16,10,15,11,15,11,15"
0.9146749973297119,15,"CSI,0,128,-98,96,9,0,-19,-22,-16,-20,-15,-16,-14,-11,-13,-5,-13,-1,-13,3,-14,7,-15,10,-18,12,-20,13,-22,14,-23,14,-24,13,-24,11,-22,8,-20,4,-18,2,-15,1,-12,2,-9,3,-7,4,-5,5,-5,7,-6,8,-2,2,0,0,0,0,0,0,0,0,0,0,0,0,0,0,0,0,0,0,0,-3,1,-9,0,-10,-1,-13,-1,-15,-1,-19,1,-22,3,-24,6,-25,8,-26,10,-25,12,-24,13,-21,12,-19,10,-17,7,-15,4,-14,0,-13,-5,-12,-10,-13,-15,-15,-19,-16,-22,-19,-24,-22,-25,-24,-27,-25,-28,-27"
0.9495828151702881,16,"CSI,208,128,101,81,22,0,0,-19,-1,-19,-1,-18,-1,-18,-1,-18,-1,-17,-2,-18,-2,-18,-2,-17,-3,-17,-3,-17,-3,-17,-3,-17,-2,-16,-2,-16,-1,-16,-1,-16,-1,-15,-1,-14,-1,-13,0,-13,0,-12,0,-12,0,-11,0,-11,0,-3,0,0,0,0,0,0,0,0,0,0,0,0,0,0,0,0,0,0,-1,-4,-3,-15,-3,-16,-2,-17,-2,-17,-2,-18,-2,-19,-2,-19,-1,-20,0,-20,1,-20,1,-21,1,-21,1,-21,1,-21,1,-21,1,-21,1,-20,1,-20,1,-20,1,-20,1,-20,0,-20,0,-20,0,-20,0,-20,-1,-20"
1.0297977924346924,17,"CSI,209,128,101,81,22,0,16,15,16,15,17,14,17,13,16,12,16,12,17,12,17,12,17,11,17,11,16,11,16,11,16,10,16,10,16,10,15,10,14,11,14,11,13,10,12,9,11,9,11,9,10,8,9,8,9,9,2,2,0,0,0,0,0,0,0,0,0,0,0,0,0,0,0,0,0,0,3,2,15,10,15,11,15,12,16,12,16,13,17,14,17,15,17,16,17,16,17,17,17,18,16,19,16,19,16,19,16,18,16,18,16,18,16,18,16,17,16,16,17,16,17,16,17,17,17,16,17,16,18,16"
1.1451609134674072,18,"CSI,210,128,101,81,22,0,3,-20,3,-20,3,-20,3,-19,3,-19,2,-19,1,-19,1,-19,1,-19,1,-19,1,-19,1,-18,1,-18,1,-17,1,-17,2,-17,2,-17,1,-16,2,-15,2,-14,2,-14,2,-13,3,-12,3,-12,3,-11,0,-3,0,0,0,0,0,0,0,0,0,0,0,0,0,0,0,0,0,0,0,-5,0,-17,0,-17,1,-18,1,-19,1,-19,2,-20,2,-21,3,-21,4,-21,5,-21,5,-21,5,-22,5,-22,5,-22,5,-21,5,-21,5,-21,5,-21,5,-21,5,-21,4,-21,4,-21,4,-21,4,-21,4,-21,4,-21"
1.2634119987487793,19,"CSI,211,128,101,81,22,0,-2,-13,-3,-13,-3,-12,-3,-12,-3,-12,-3,-11,-4,-11,-4,-11,-4,-11,-4,-11,-4,-11,-4,-11,-4,-11,-4,-11,-3,-10,-3,-10,-3,-10,-3,-10,-2,-10,-2,-9,-2,-8,-2,-8,-2,-8,-1,-8,-1,-8,-1,-2,0,0,0,0,0,0,0,0,0,0,0,0,0,0,0,0,0,0,-1,-3,-4,-10,-4,-10,-4,-10,-4,-11,-4,-12,-4,-12,-4,-13,-3,-13,-3,-13,-3,-13,-2,-14,-2,-14,-2,-14,-2,-14,-2,-14,-2,-14,-2,-14,-2,-14,-2,-13,-2,-13,-2,-13,-3,-13,-3,-13,-3,-13,-3,-13,-4,-13"
1.302851915359497,20,"CSI,3126,128,77,-47,20,0,-13,19,-15,19,-18,18,-19,17,-17,15,-15,13,-12,12,-6,12,-4,10,-3,5,-2,4,0,7,2,11,2,12,1,10,3,12,4,14,5,14,7,14,6,13,2,12,-1,11,-1,9,0,9,0,8,0,1,0,0,0,0,0,0,0,0,0,0,0,0,0,0,0,0,0,0,-1,-2,-2,-7,0,-6,0,-4,-2,-1,-4,0,-3,-1,-4,0,-7,1,-11,0,-13,-3,-15,-2,-17,0,-17,-1,-15,0,-15,-2,-17,-6,-16,-5,-13,-3,-13,-5,-12,-5,-9,-1,-6,1,-7,2,-11,4,-13,8,-13,13"
1.336115837097168,21,"CSI,3297,128,83,49,21,0,12,-16,15,-17,15,-17,13,-17,12,-19,11,-18,6,-15,1,-15,3,-13,3,-11,-1,-10,-3,-7,-4,-7,-7,-7,-7,-7,-5,-8,-5,-10,-7,-13,-8,-12,-5,-10,-4,-12,-5,-11,-4,-10,-2,-9,-2,-8,-1,-2,0,0,0,0,0,0,0,0,0,0,0,0,0,0,0,0,0,0,0,1,1,5,2,4,0,3,-1,1,1,-2,3,-5,4,-6,6,-6,9,-6,10,-7,13,-7,15,-5,18,-3,18,-3,16,-2,18,2,18,5,13,5,10,2,10,-1,9,-2,7,-2,6,-5,6,-7,6,-10,6,-16"
1.3668289184570312,22,"CSI,3127,128,77,-47,20,0,-1,-22,1,-23,-1,-25,-1,-24,-1,-19,-2,-18,0,-15,1,-9,-3,-8,-5,-10,-4,-8,-5,-6,-8,-6,-8,-4,-10,-3,-12,-3,-14,-2,-14,-2,-14,-2,-14,-3,-14,-3,-13,-3,-10,-4,-9,-6,-10,-7,-3,-2,0,0,0,0,0,0,0,0,0,0,0,0,0,0,0,0,0,0,0,0,0,3,0,2,-1,0,1,-1,4,-3,5,-4,6,-6,7,-8,7,-10,9,-7,14,-5,15,-4,15,-2,16,-2,17,-2,16,-3,13,-2,12,-1,11,-2,8,-3,5,-3,4,-6,4,-10,3,-14,2,-18,1,-20"
1.4000988006591797,23,"CSI,3128,128,77,-47,20,0,7,-20,7,-21,7,-18,8,-17,8,-20,8,-21,12,-16,13,-13,9,-14,3,-12,-2,-11,-6,-10,-4,-9,-4,-9,-7,-11,-10,-11,-9,-11,-8,-11,-9,-12,-8,-12,-7,-10,-6,-10,-5,-11,-5,-10,-3,-9,-1,-3,0,0,0,0,0,0,0,0,0,0,0,0,0,0,0,0,0,0,1,0,3,3,2,3,1,1,2,-1,2,-2,3,-3,4,-5,5,-6,6,-5,10,-4,12,-6,14,-6,17,-4,16,-2,15,1,16,3,14,3,12,1,12,0,11,0,7,-1,7,-4,8,-9,7,-13,6,-15,9,-18"
1.4416368007659912,24,"CSI,212,128,101,81,22,0,-19,-14,-19,-14,-19,-13,-19,-12,-19,-11,-19,-11,-19,-11,-19,-10,-19,-10,-19,-10,-19,-10,-19,-10,-18,-9,-19,-9,-18,-8,-17,-9,-17,-9,-16,-9,-16,-9,-15,-8,-14,-8,-13,-8,-13,-8,-12,-8,-11,-8,-3,-2,0,0,0,0,0,0,0,0,0,0,0,0,0,0,0,0,0,0,-5,-3,-17,-10,-17,-11,-18,-11,-18,-12,-19,-13,-19,-14,-20,-15,-20,-15,-20,-16,-20,-16,-19,-17,-19,-18,-19,-18,-19,-18,-19,-18,-19,-17,-19,-18,-19,-17,-19,-16,-20,-15,-20,-15,-20,-15,-20,-15,-20,-15,-20,-15,-22,-15"
1.4723787307739258,25,"CSI,3129,128,77,-47,20,0,7,-18,8,-17,7,-18,8,-19,8,-19,5,-17,4,-19,2,-21,2,-18,0,-13,-1,-11,-2,-10,-2,-8,-2,-7,-6,-8,-9,-9,-10,-9,-11,-9,-11,-9,-10,-11,-9,-10,-7,-8,-7,-7,-7,-8,-5,-8,-1,-2,0,0,0,0,0,0,0,0,0,0,0,0,0,0,0,0,0,0,-1,0,-1,1,1,0,2,-1,2,-1,2,-2,2,-4,3,-6,6,-7,9,-6,13,-6,15,-6,17,-6,18,-4,16,-4,15,-5,17,-3,17,-1,15,-1,10,-1,6,-2,5,-4,4,-6,2,-9,0,-12,-1,-19,-1,-24"
1.5028936862945557,26,"CSI,3300,128,83,49,21,0,18,14,17,15,16,13,16,13,18,13,17,12,15,10,16,10,13,8,9,2,8,-1,9,-1,8,-4,8,-8,9,-9,10,-8,12,-8,13,-9,12,-8,9,-6,8,-4,8,-5,7,-5,9,-5,11,-5,3,-2,0,0,0,0,0,0,0,0,0,0,0,0,0,0,0,0,0,0,-1,-1,-3,-2,-3,1,-4,0,-3,1,-1,3,1,2,1,4,1,10,0,13,1,14,-1,17,-4,16,-6,14,-6,14,-6,16,-6,17,-6,16,-6,16,-6,13,-4,10,-1,9,3,9,5,6,8,5,11,5,12,7"
1.538996934890747,27,"CSI,213,128,101,81,22,0,20,-11,19,-11,19,-11,19,-11,19,-12,18,-12,17,-12,17,-12,16,-12,16,-12,15,-12,15,-12,15,-12,16,-12,16,-12,15,-11,15,-10,14,-10,14,-9,13,-9,13,-8,12,-8,12,-7,12,-7,11,-6,2,-2,0,0,0,0,0,0,0,0,0,0,0,0,0,0,0,0,0,0,4,-3,16,-11,16,-10,17,-11,18,-11,19,-11,19,-11,20,-11,21,-10,22,-10,23,-10,23,-10,22,-9,22,-9,23,-9,23,-9,22,-9,22,-9,22,-9,22,-10,22,-10,22,-10,21,-10,20,-10,21,-10,21,-11,22,-11"
1.569654941558838,28,"CSI,3130,128,75,-79,20,0,-6,22,-7,20,-6,21,-4,21,-4,20,-5,17,-6,12,-8,10,-6,10,-1,10,2,10,5,9,8,5,9,3,10,3,11,2,12,2,11,2,13,1,14,2,13,4,12,4,11,3,8,3,4,5,0,1,0,0,0,0,0,0,0,0,0,0,0,0,0,0,0,0,0,0,-1,-2,-2,-6,0,-3,0,-1,-1,-1,-3,0,-5,2,-6,2,-7,2,-10,2,-13,3,-16,2,-16,-1,-17,-1,-19,-2,-20,-4,-19,-3,-19,-3,-15,-5,-12,-4,-11,-2,-8,0,-7,3,-6,5,-5,10,-6,18,-7,23"
1.6029279232025146,29,"CSI,3305,128,83,49,21,0,-22,2,-23,1,-24,0,-24,0,-23,0,-20,1,-15,-1,-12,-5,-11,-3,-12,2,-11,5,-10,6,-9,7,-7,8,-5,10,-5,12,-8,12,-9,12,-7,12,-7,13,-8,12,-8,9,-7,6,-6,5,-5,6,-1,1,0,0,0,0,0,0,0,0,0,0,0,0,0,0,0,0,0,0,0,-1,0,-3,0,-1,-1,1,-2,1,-3,-1,-6,-3,-9,-5,-9,-5,-9,-3,-10,-5,-12,-9,-14,-10,-13,-11,-11,-11,-12,-11,-13,-12,-11,-12,-8,-11,-8,-9,-9,-6,-7,-5,-8,-3,-10,1,-11,3,-15,2,-19,3"
1.6334149837493896,30,"CSI,3131,128,75,-79,20,0,21,-4,22,-4,23,-5,22,-5,20,-2,18,-1,14,-1,11,1,10,0,10,-2,10,-3,7,-4,3,-6,4,-9,4,-13,4,-14,6,-13,6,-13,6,-14,6,-14,8,-12,8,-10,6,-8,7,-6,9,-4,2,-1,0,0,0,0,0,0,0,0,0,0,0,0,0,0,0,0,0,0,-1,1,-1,5,0,3,0,1,1,1,2,1,4,-1,6,-2,9,-3,11,-2,12,2,13,5,13,8,13,10,13,12,14,11,15,9,11,9,8,8,6,7,6,8,8,7,9,1,11,-2,12,-1,13,-3,14,-5"
1.6612958908081055,31,"CSI,214,128,101,81,22,0,21,7,21,7,21,6,21,5,20,4,20,4,20,4,20,4,20,3,20,3,19,3,19,3,19,2,19,2,19,2,18,2,17,3,17,4,16,3,15,3,15,2,14,3,13,3,12,3,12,4,2,1,0,0,0,0,0,0,0,0,0,0,0,0,0,0,0,0,0,0,4,1,18,4,18,5,19,5,19,6,20,6,21,7,21,8,22,9,22,9,23,9,22,10,22,11,22,11,22,11,22,11,22,11,21,11,21,10,22,9,22,9,22,8,22,8,22,8,22,8,22,8,23,8"
1.697248935699463,32,"CSI,3308,128,83,49,21,0,-11,-21,-10,-20,-9,-20,-6,-19,-5,-18,-6,-16,-9,-14,-13,-12,-13,-9,-10,-7,-7,-6,-6,-4,-8,-2,-10,-1,-10,1,-11,3,-13,4,-13,2,-13,-1,-13,-2,-12,-1,-12,-1,-13,-2,-11,-4,-10,-3,-3,-1,0,0,0,0,0,0,0,0,0,0,0,0,0,0,0,0,0,0,-1,-1,0,0,0,1,1,0,1,-3,0,-3,-2,-5,-4,-7,-4,-7,-2,-10,1,-15,2,-17,4,-16,7,-15,10,-15,9,-15,8,-13,8,-10,9,-9,11,-11,7,-12,3,-11,0,-9,-3,-8,-5,-11,-5,-12,-5,-12"
1.7279229164123535,33,"CSI,149,128,-117,-78,40,0,17,14,17,14,17,13,17,12,17,11,17,11,17,11,18,11,17,11,17,11,17,10,17,10,17,10,17,9,16,9,16,9,15,10,14,10,14,9,13,9,12,8,11,8,11,8,10,8,9,8,2,2,0,0,0,0,0,0,0,0,0,0,0,0,0,0,0,0,0,0,4,2,16,9,16,10,16,11,17,11,17,12,18,13,18,14,18,15,18,15,18,16,18,17,17,18,18,18,17,18,17,17,18,17,17,17,17,17,17,16,18,15,18,15,18,15,18,15,18,15,19,15,20,15"
1.761234998703003,34,"CSI,215,128,101,81,22,0,3,-25,2,-25,2,-25,2,-24,3,-24,2,-24,1,-24,0,-24,0,-24,0,-24,-1,-23,-1,-23,-1,-22,-1,-22,0,-21,1,-21,1,-21,0,-20,1,-19,1,-18,2,-17,2,-16,2,-15,2,-14,2,-14,0,-4,0,0,0,0,0,0,0,0,0,0,0,0,0,0,0,0,0,0,0,-6,0,-21,0,-22,1,-23,1,-24,2,-25,2,-26,3,-27,3,-27,4,-27,5,-28,6,-28,6,-28,6,-28,6,-28,6,-28,6,-27,6,-27,6,-27,6,-27,6,-26,5,-26,4,-26,4,-26,4,-26,4,-27,4,-27"
1.7916557788848877,35,"CSI,3312,128,83,49,21,0,21,-8,22,-7,21,-7,20,-6,18,-5,16,-3,16,-2,15,0,14,0,12,-3,9,-5,7,-7,5,-8,6,-10,6,-12,3,-14,2,-15,5,-15,5,-13,4,-12,4,-11,4,-11,4,-12,4,-9,4,-7,1,-2,0,0,0,0,0,0,0,0,0,0,0,0,0,0,0,0,0,0,-1,1,-3,6,-1,4,-1,2,0,1,2,0,5,0,8,0,9,1,12,3,14,3,16,3,15,6,14,8,12,8,10,9,9,10,9,10,8,9,6,10,4,9,5,6,6,2,6,2,10,0,14,-4,18,-7"
1.8251008987426758,36,"CSI,216,128,101,81,22,0,-16,9,-15,9,-15,9,-15,9,-15,9,-15,10,-14,10,-13,9,-13,10,-13,10,-13,10,-12,10,-13,10,-13,9,-13,9,-13,9,-12,8,-12,7,-11,7,-11,6,-11,6,-11,5,-11,5,-10,4,-10,4,-3,1,0,0,0,0,0,0,0,0,0,0,0,0,0,0,0,0,0,0,-3,2,-12,10,-12,10,-13,10,-14,10,-14,10,-15,10,-15,10,-16,10,-17,10,-18,10,-18,10,-18,9,-18,9,-18,9,-18,9,-18,9,-18,9,-18,9,-18,9,-18,9,-17,9,-17,9,-16,9,-17,9,-17,10,-18,10"
1.8524768352508545,37,"CSI,3316,128,83,49,21,0,13,18,14,19,13,17,10,16,7,15,6,14,7,13,12,10,12,6,9,3,7,2,6,3,7,4,11,4,14,3,15,4,14,4,12,3,11,2,10,3,9,5,9,4,9,3,9,3,9,2,2,0,0,0,0,0,0,0,0,0,0,0,0,0,0,0,0,0,0,0,-1,0,-3,1,-5,0,-4,-2,-2,-2,0,0,0,3,2,5,5,7,6,10,4,12,3,15,3,18,1,18,-1,17,-1,17,-3,17,-6,15,-7,9,-6,8,-4,8,0,9,4,10,8,11,11,12,13,12,15,12"
1.9303019046783447,38,"CSI,3321,128,83,49,21,0,11,-20,12,-18,13,-19,14,-20,14,-19,14,-15,11,-15,6,-19,2,-16,2,-10,2,-10,0,-10,-1,-11,-1,-13,-3,-11,-5,-11,-5,-16,-4,-16,-2,-13,-1,-12,-1,-13,-1,-13,-2,-13,-1,-11,0,-10,0,-3,0,0,0,0,0,0,0,0,0,0,0,0,0,0,0,0,0,0,1,0,4,2,2,2,1,1,2,0,3,-1,2,-3,2,-6,4,-7,7,-8,8,-7,13,-8,17,-10,16,-10,16,-6,19,-3,19,-2,17,-2,14,-1,11,-2,8,-5,5,-7,3,-7,3,-8,5,-12,6,-18,4,-21"
1.9576530456542969,39,"CSI,217,128,101,81,22,0,13,3,13,3,13,3,13,2,12,2,12,1,12,1,12,1,12,1,12,1,11,1,11,1,11,1,12,0,11,0,11,1,10,1,10,1,9,1,9,1,9,1,8,1,8,1,7,1,7,2,1,0,0,0,0,0,0,0,0,0,0,0,0,0,0,0,0,0,0,0,2,0,11,1,11,1,12,2,12,2,13,2,13,3,13,3,13,4,14,4,14,4,14,5,14,5,14,5,13,5,13,5,14,5,13,5,13,4,14,4,14,4,14,3,14,3,14,4,13,4,13,3,13,3"
2.0354690551757812,40,"CSI,3325,128,83,49,21,0,-13,-20,-11,-20,-8,-18,-8,-18,-9,-20,-9,-20,-10,-19,-12,-19,-12,-13,-10,-7,-7,-6,-6,-7,-6,-6,-9,-7,-13,-7,-14,-7,-13,-7,-11,-6,-9,-5,-9,-6,-11,-6,-11,-5,-10,-3,-10,-4,-11,-5,-3,-2,0,0,0,0,0,0,0,0,0,0,0,0,0,0,0,0,0,0,0,-2,3,-4,2,-3,0,-4,-1,-4,-3,-1,-4,-1,-5,-3,-7,-5,-8,-5,-7,-10,-5,-15,-4,-18,-3,-17,-1,-18,1,-19,2,-18,5,-16,4,-12,3,-9,4,-7,3,-7,-4,-8,-8,-9,-9,-13,-12,-15,-17,-15"
2.0671370029449463,41,"CSI,218,128,101,81,22,0,3,-14,3,-14,3,-14,3,-13,2,-13,2,-13,2,-13,1,-14,1,-13,1,-13,1,-13,1,-13,0,-13,0,-12,1,-12,1,-12,1,-12,1,-12,1,-11,1,-10,1,-10,1,-9,1,-9,1,-8,1,-8,0,-2,0,0,0,0,0,0,0,0,0,0,0,0,0,0,0,0,0,0,0,-3,3,-11,3,-12,3,-12,3,-13,4,-13,4,-14,4,-14,4,-14,5,-14,5,-14,6,-14,6,-15,6,-15,6,-15,6,-14,6,-14,5,-15,5,-15,5,-14,5,-14,5,-14,4,-14,4,-14,4,-14,4,-14,4,-14"
2.1531898975372314,42,"CSI,219,128,101,81,22,0,16,8,15,8,16,7,16,7,16,6,15,6,15,6,16,6,15,5,15,5,15,5,14,5,14,5,15,4,14,4,14,5,13,5,12,5,12,5,11,4,11,4,10,4,10,4,9,4,8,5,2,1,0,0,0,0,0,0,0,0,0,0,0,0,0,0,0,0,0,0,3,1,14,5,14,5,15,6,15,6,15,7,16,7,16,8,17,9,17,9,17,10,17,10,16,11,16,11,16,11,16,11,16,11,16,11,16,10,16,10,16,9,17,9,17,9,16,9,17,9,17,9,18,9"
2.274096965789795,43,"CSI,220,128,101,81,22,0,17,-4,17,-4,17,-4,17,-5,17,-5,16,-6,16,-5,15,-5,15,-6,15,-6,14,-6,14,-6,14,-6,15,-6,15,-6,14,-6,13,-5,13,-4,12,-4,12,-4,12,-4,11,-4,11,-3,10,-3,10,-2,2,-1,0,0,0,0,0,0,0,0,0,0,0,0,0,0,0,0,0,0,3,-2,15,-5,15,-5,15,-5,16,-5,17,-5,17,-4,18,-4,19,-4,19,-3,20,-3,20,-3,20,-2,20,-2,19,-2,20,-2,20,-2,19,-2,19,-2,19,-3,19,-3,19,-3,19,-3,18,-3,19,-3,19,-4,20,-4"
2.3051557540893555,44,"CSI,3132,128,77,-47,20,0,-18,18,-17,18,-15,18,-16,17,-18,15,-16,12,-13,12,-14,11,-12,10,-5,9,0,9,2,8,3,8,3,9,3,10,5,9,6,7,7,7,8,8,8,8,6,10,5,11,5,10,5,10,5,9,1,2,0,0,0,0,0,0,0,0,0,0,0,0,0,0,0,0,0,0,0,-2,2,-8,0,-6,-1,-3,-1,-1,-1,0,-4,1,-7,3,-9,3,-11,2,-13,0,-15,-2,-16,-5,-17,-6,-15,-7,-16,-7,-16,-8,-14,-9,-11,-8,-10,-4,-10,-2,-11,-1,-11,0,-10,3,-9,9,-9,14,-9,15"
2.3910348415374756,45,"CSI,221,128,101,81,22,0,-18,-15,-18,-15,-18,-14,-18,-13,-18,-12,-18,-12,-19,-12,-19,-12,-18,-12,-18,-11,-18,-11,-18,-11,-18,-10,-18,-10,-17,-10,-16,-10,-16,-11,-15,-11,-14,-11,-14,-10,-13,-9,-12,-9,-12,-9,-11,-9,-10,-9,-3,-3,0,0,0,0,0,0,0,0,0,0,0,0,0,0,0,0,0,0,-5,-3,-17,-10,-17,-10,-18,-11,-18,-12,-19,-13,-19,-14,-20,-15,-20,-15,-20,-16,-20,-16,-19,-17,-19,-18,-19,-18,-19,-18,-19,-18,-19,-18,-19,-18,-19,-17,-19,-17,-19,-16,-19,-16,-19,-16,-19,-16,-19,-16,-20,-15,-21,-15"
2.440931797027588,46,"CSI,3340,128,83,49,21,0,4,-24,5,-22,6,-21,5,-19,4,-18,4,-17,4,-15,2,-10,1,-9,3,-10,2,-8,-1,-7,-2,-6,-5,-5,-7,-4,-7,-4,-9,-5,-10,-6,-10,-7,-12,-8,-15,-6,-13,-6,-10,-6,-7,-7,-5,-8,-1,-2,0,0,0,0,0,0,0,0,0,0,0,0,0,0,0,0,0,0,0,1,1,4,-1,2,-1,-1,-3,-3,-2,-4,3,-5,5,-4,5,-3,9,-4,16,-4,17,-4,16,-4,17,-2,20,-1,22,-1,20,0,16,0,13,-1,9,-2,9,-4,8,-6,7,-7,6,-9,6,-13,6,-17,5,-18"
2.498569965362549,47,"CSI,222,128,101,81,22,0,14,-11,13,-11,13,-11,13,-11,13,-11,13,-11,12,-12,11,-12,11,-12,11,-12,10,-12,10,-12,10,-12,11,-11,11,-11,11,-11,10,-10,9,-10,9,-9,9,-9,9,-8,8,-8,8,-7,8,-7,8,-6,1,-2,0,0,0,0,0,0,0,0,0,0,0,0,0,0,0,0,0,0,2,-3,11,-10,12,-10,12,-10,13,-11,14,-11,14,-11,15,-11,15,-11,16,-11,17,-10,17,-10,17,-10,17,-10,17,-10,17,-10,17,-10,16,-10,16,-10,16,-10,16,-10,16,-10,16,-11,15,-10,15,-10,16,-11,16,-11"
2.609792947769165,48,"CSI,223,128,101,81,22,0,11,-14,11,-15,11,-14,11,-14,11,-14,10,-14,9,-14,9,-15,9,-15,8,-15,8,-15,8,-14,8,-14,8,-13,9,-13,9,-13,8,-12,7,-12,7,-11,8,-11,8,-10,7,-9,7,-9,7,-8,7,-8,1,-2,0,0,0,0,0,0,0,0,0,0,0,0,0,0,0,0,0,0,2,-4,8,-13,8,-13,9,-14,10,-14,10,-15,11,-15,11,-15,12,-15,13,-15,14,-15,14,-15,14,-15,14,-15,14,-15,14,-15,14,-14,14,-14,13,-14,14,-14,14,-15,13,-15,12,-15,12,-15,12,-15,13,-15,13,-15"
2.6944468021392822,49,"CSI,3134,128,77,-47,20,0,19,17,18,15,13,13,11,13,12,14,12,14,13,14,15,16,12,11,7,5,5,4,4,1,6,-1,8,-1,8,-4,10,-9,12,-9,13,-6,13,-5,12,-5,10,-4,10,-4,11,-5,9,-4,8,-2,2,-1,0,0,0,0,0,0,0,0,0,0,0,0,0,0,0,0,0,0,-2,-1,-5,-1,-3,-1,-1,-1,1,2,1,4,1,6,0,7,-2,7,-2,8,1,12,2,16,0,17,-2,14,-4,13,-4,15,-6,16,-6,15,-5,11,-4,7,-4,8,-2,10,-1,8,1,7,5,6,11,4,16,3"
2.7222957611083984,50,"CSI,224,128,101,81,22,0,21,6,21,5,21,5,21,4,21,3,21,3,20,3,20,3,20,3,20,3,19,2,19,2,19,2,19,2,19,2,18,2,17,3,17,4,16,3,15,3,14,3,14,3,13,3,12,3,12,4,2,1,0,0,0,0,0,0,0,0,0,0,0,0,0,0,0,0,0,0,4,0,19,1,19,1,20,2,20,2,21,3,22,4,23,5,23,5,24,6,24,6,24,7,23,8,23,8,23,8,23,8,23,8,23,8,23,8,23,7,23,6,23,6,23,6,23,7,23,6,24,6,25,5"
2.7554309368133545,51,"CSI,3135,128,77,-47,20,0,5,-25,7,-24,7,-21,5,-20,4,-18,6,-19,8,-19,9,-15,6,-11,0,-9,-4,-8,-6,-7,-8,-7,-10,-7,-12,-6,-11,-2,-11,-1,-13,-4,-11,-5,-10,-1,-13,0,-14,-3,-11,-3,-8,-3,-8,-4,-3,-2,0,0,0,0,0,0,0,0,0,0,0,0,0,0,0,0,0,0,-1,1,-3,5,-4,2,-2,1,1,1,3,0,4,-2,6,-4,9,-3,13,-2,15,1,15,2,14,1,15,1,17,2,17,3,15,2,14,2,13,1,12,1,9,0,7,-4,6,-8,6,-8,8,-10,7,-17,8,-20"
2.7889437675476074,52,"CSI,153,128,-117,-78,40,0,-11,15,-10,15,-10,15,-10,15,-10,15,-9,15,-8,15,-8,15,-7,15,-7,15,-7,15,-6,15,-6,15,-7,14,-7,14,-7,14,-6,13,-6,12,-6,12,-7,11,-7,10,-6,10,-6,9,-6,9,-6,8,-2,2,0,0,0,0,0,0,0,0,0,0,0,0,0,0,0,0,0,0,-2,3,-8,13,-8,13,-9,14,-10,14,-10,14,-10,15,-11,15,-12,16,-13,16,-13,16,-13,16,-13,16,-14,16,-14,16,-14,15,-13,15,-13,15,-13,15,-13,15,-13,15,-13,15,-12,15,-11,16,-11,16,-12,16,-12,16"
2.8250229358673096,53,"CSI,3353,128,83,49,21,0,-17,-18,-17,-18,-13,-18,-12,-17,-11,-15,-10,-13,-12,-12,-16,-13,-15,-12,-11,-7,-9,-5,-8,-3,-9,-2,-9,-3,-9,-2,-12,-2,-14,-1,-14,0,-15,0,-16,-1,-15,-4,-14,-5,-13,-5,-12,-6,-10,-6,-3,-2,0,0,0,0,0,0,0,0,0,0,0,0,0,0,0,0,0,0,2,-1,6,-2,3,-2,1,-2,0,-2,-2,-2,-2,-5,-5,-9,-7,-10,-7,-12,-6,-14,-4,-16,-2,-16,-1,-16,0,-16,2,-17,2,-18,2,-14,3,-12,4,-12,3,-11,-1,-10,-5,-10,-11,-9,-15,-9,-16,-10,-16,-11"
2.855592966079712,54,"CSI,225,128,101,81,22,0,22,0,22,0,22,-1,22,-2,22,-2,21,-2,21,-3,21,-3,20,-3,20,-3,19,-3,19,-3,19,-3,19,-3,19,-3,18,-3,17,-2,17,-1,16,-1,16,-1,15,-1,14,-1,14,-1,13,0,12,1,3,0,0,0,0,0,0,0,0,0,0,0,0,0,0,0,0,0,0,0,4,-1,19,-4,19,-3,20,-3,21,-3,22,-2,22,-2,23,-1,24,0,25,0,25,0,25,1,25,2,25,2,25,2,25,2,25,2,24,2,24,2,24,1,24,0,24,0,24,0,23,1,24,1,24,0,25,0"
2.8857879638671875,55,"CSI,3356,128,83,49,21,0,-12,22,-10,21,-8,20,-8,19,-8,19,-6,16,-3,14,-3,15,-2,12,1,9,4,7,6,4,8,5,9,7,9,8,8,6,9,6,10,8,10,7,9,6,9,6,10,7,9,8,7,7,6,5,1,1,0,0,0,0,0,0,0,0,0,0,0,0,0,0,0,0,0,0,-1,-1,-1,-2,1,-2,1,-1,0,-1,-1,1,-2,3,-5,4,-8,4,-11,5,-14,5,-17,4,-17,3,-16,0,-15,-1,-17,-1,-19,-2,-15,-2,-12,-1,-12,1,-12,4,-13,6,-11,6,-8,8,-5,10,-7,14,-11,18"
2.9537439346313477,56,"CSI,226,128,101,81,22,0,-19,-4,-18,-3,-18,-3,-18,-2,-18,-2,-18,-2,-17,-2,-17,-2,-17,-1,-17,-1,-17,-1,-16,-1,-16,0,-16,0,-16,0,-16,-1,-15,-1,-14,-2,-14,-2,-13,-2,-13,-1,-12,-2,-12,-2,-11,-2,-11,-2,-3,-1,0,0,0,0,0,0,0,0,0,0,0,0,0,0,0,0,0,0,-4,-1,-16,-1,-16,-1,-17,-2,-18,-2,-18,-2,-19,-3,-19,-4,-20,-4,-20,-4,-20,-4,-20,-5,-20,-6,-20,-6,-20,-6,-20,-6,-20,-6,-20,-6,-20,-5,-20,-5,-20,-4,-20,-4,-19,-4,-19,-4,-20,-4,-20,-3,-21,-3"
2.984646797180176,57,"CSI,3360,128,83,49,21,0,2,-23,3,-23,2,-22,3,-22,5,-22,3,-20,4,-17,6,-15,5,-12,-1,-10,-6,-9,-7,-7,-7,-6,-8,-5,-11,-4,-12,-5,-11,-6,-10,-7,-10,-7,-10,-6,-9,-6,-8,-5,-9,-5,-10,-6,-10,-7,-3,-2,0,0,0,0,0,0,0,0,0,0,0,0,0,0,0,0,0,0,0,0,3,1,2,0,1,-2,0,-4,2,-4,4,-3,6,-3,8,-4,9,-6,11,-7,12,-8,12,-8,14,-8,15,-7,16,-5,17,-5,17,-3,13,-2,11,-2,9,-4,7,-6,5,-9,1,-11,-1,-12,-2,-16,-2,-21"
3.056825876235962,58,"CSI,3365,128,83,49,21,0,-25,-6,-23,-8,-21,-8,-21,-9,-21,-9,-19,-7,-18,-7,-20,-9,-17,-5,-15,3,-13,6,-9,6,-8,7,-9,10,-7,11,-6,11,-7,13,-6,15,-6,14,-7,11,-7,9,-6,9,-6,9,-6,8,-5,6,-1,1,0,0,0,0,0,0,0,0,0,0,0,0,0,0,0,0,0,0,1,-1,4,-1,3,0,1,-1,-1,-3,-4,-5,-5,-6,-5,-7,-3,-9,-2,-12,-3,-16,-3,-19,-2,-17,-1,-18,0,-20,3,-18,3,-17,2,-15,3,-13,2,-9,-3,-7,-5,-8,-6,-8,-11,-7,-15,-6,-17,-7,-18,-8"
3.093641996383667,59,"CSI,227,128,101,81,22,0,18,-14,17,-14,17,-14,17,-14,17,-15,16,-15,15,-15,15,-15,14,-15,14,-15,13,-15,13,-15,13,-15,13,-15,14,-14,13,-14,13,-13,12,-12,12,-12,12,-11,11,-11,11,-10,11,-9,11,-8,10,-8,2,-2,0,0,0,0,0,0,0,0,0,0,0,0,0,0,0,0,0,0,3,-4,14,-13,14,-14,15,-14,16,-15,17,-15,17,-15,18,-15,19,-15,20,-15,21,-15,21,-14,21,-13,21,-13,21,-13,21,-13,21,-13,21,-13,20,-14,21,-14,20,-14,20,-14,19,-14,19,-14,19,-14,20,-14,20,-15"
3.1564738750457764,60,"CSI,3369,128,83,49,21,0,-11,23,-10,21,-12,20,-12,19,-9,17,-9,15,-11,15,-12,17,-8,14,-4,12,-3,10,-1,7,2,7,3,9,4,12,6,14,6,13,6,12,6,10,6,8,3,9,2,11,2,11,1,9,0,8,0,2,0,0,0,0,0,0,0,0,0,0,0,0,0,0,0,0,0,0,-1,0,-2,-1,-3,-2,-4,-1,-4,2,-3,3,-3,2,-4,3,-5,5,-8,6,-11,6,-13,6,-15,7,-17,10,-17,11,-17,9,-18,5,-17,3,-14,2,-12,3,-9,7,-6,7,-5,5,-4,5,-2,9,1,14,-1,18"
3.1894137859344482,61,"CSI,228,128,101,81,22,0,22,-4,22,-4,22,-4,22,-5,21,-6,21,-6,20,-6,20,-6,19,-7,19,-7,18,-7,18,-7,18,-7,18,-7,18,-7,18,-6,17,-5,16,-5,16,-5,15,-5,14,-4,14,-4,13,-3,13,-3,12,-2,3,-1,0,0,0,0,0,0,0,0,0,0,0,0,0,0,0,0,0,0,4,-2,18,-5,19,-5,20,-5,21,-5,22,-4,22,-4,23,-3,23,-3,24,-3,25,-2,25,-2,25,-1,25,-1,25,-1,25,-1,24,-1,24,-1,24,-2,24,-2,24,-3,24,-3,24,-3,23,-3,23,-3,24,-3,25,-3"
3.229698657989502,62,"CSI,3136,128,75,-79,20,0,20,-9,21,-9,19,-8,20,-8,20,-7,18,-5,17,-6,13,-8,8,-7,8,-4,8,-4,8,-5,7,-6,5,-9,5,-10,8,-11,9,-12,9,-12,9,-11,6,-11,7,-11,10,-10,9,-7,7,-5,7,-4,1,-1,0,0,0,0,0,0,0,0,0,0,0,0,0,0,0,0,0,0,1,0,4,1,4,1,2,-1,0,-1,-1,0,1,-3,2,-6,4,-7,7,-5,10,-4,15,-6,18,-5,17,-1,17,3,17,4,15,3,13,5,11,7,12,6,12,3,10,1,11,0,11,-3,12,-6,16,-8,18,-10"
3.260190963745117,63,"CSI,3137,128,75,-79,20,0,7,23,8,23,8,25,6,26,4,22,5,18,7,13,9,7,8,6,6,5,5,2,4,2,8,2,10,1,10,0,11,-1,12,0,12,1,12,0,14,-3,15,-4,13,-1,11,2,11,2,11,0,2,-1,0,0,0,0,0,0,0,0,0,0,0,0,0,0,0,0,0,0,-1,-1,-3,-4,-1,-4,0,-4,-1,-3,-2,-2,-2,2,-2,6,-3,8,-4,9,-7,13,-10,14,-12,10,-13,11,-16,12,-17,7,-15,5,-13,6,-15,7,-15,7,-12,6,-8,8,-6,8,-2,8,4,9,7,12,7,14"
3.2934658527374268,64,"CSI,3373,128,83,49,21,0,-4,-26,-4,-26,-2,-22,-1,-19,-1,-19,-1,-19,0,-16,0,-9,-2,-9,-4,-10,-5,-8,-6,-5,-8,-3,-10,-2,-11,0,-12,0,-15,-1,-15,-3,-14,-5,-13,-6,-13,-6,-13,-5,-12,-4,-9,-4,-7,-3,-2,-1,0,0,0,0,0,0,0,0,0,0,0,0,0,0,0,0,0,0,0,0,3,2,4,3,4,3,3,2,3,-2,2,-7,1,-9,2,-7,5,-7,7,-10,10,-10,15,-13,16,-13,14,-9,13,-8,16,-9,15,-6,13,-5,11,-5,8,-6,7,-7,4,-8,1,-9,1,-13,0,-17,-3,-16"
3.331725835800171,65,"CSI,229,128,101,81,22,0,-16,-10,-16,-10,-16,-10,-16,-9,-16,-8,-16,-8,-16,-8,-16,-8,-16,-8,-16,-8,-16,-7,-15,-7,-15,-7,-15,-6,-15,-6,-14,-7,-14,-7,-13,-8,-13,-7,-12,-7,-11,-6,-11,-6,-10,-6,-10,-6,-9,-6,-3,-2,0,0,0,0,0,0,0,0,0,0,0,0,0,0,0,0,0,0,-4,-2,-15,-6,-15,-7,-15,-8,-16,-8,-16,-9,-17,-10,-17,-10,-17,-11,-17,-11,-17,-12,-17,-12,-17,-13,-17,-13,-17,-13,-17,-13,-17,-13,-17,-13,-17,-13,-17,-12,-17,-11,-17,-11,-17,-11,-17,-11,-17,-11,-17,-11,-18,-11"
3.39650297164917,66,"CSI,230,128,101,81,22,0,22,-4,22,-5,22,-5,22,-6,21,-6,21,-6,20,-6,20,-6,20,-7,19,-7,18,-7,18,-7,18,-7,19,-7,19,-7,18,-6,17,-5,17,-5,16,-4,15,-4,15,-4,14,-4,14,-4,13,-3,12,-2,3,-1,0,0,0,0,0,0,0,0,0,0,0,0,0,0,0,0,0,0,4,-2,18,-7,19,-6,20,-6,21,-6,22,-6,22,-5,23,-5,24,-4,25,-4,25,-4,25,-3,25,-3,25,-3,25,-2,25,-2,25,-2,25,-2,24,-3,24,-3,25,-4,24,-4,24,-4,23,-4,24,-4,24,-5,25,-5"
3.4609580039978027,67,"CSI,3381,128,83,49,21,0,5,25,6,25,2,24,-2,22,-1,20,2,18,7,12,11,4,5,0,3,3,4,7,4,9,7,8,9,5,8,6,8,10,8,10,6,9,5,9,5,8,5,9,6,11,4,12,1,10,1,9,0,2,0,0,0,0,0,0,0,0,0,0,0,0,0,0,0,0,0,0,-2,0,-4,0,-3,0,-4,1,-3,0,1,0,5,3,5,4,3,5,4,8,5,12,3,16,1,18,-2,19,-3,18,-5,16,-6,16,-7,15,-6,13,-5,11,-5,10,-3,8,0,5,1,6,6,11,10,13,11,14"
3.511993885040283,68,"CSI,231,128,101,81,22,0,13,-19,13,-19,13,-19,13,-18,13,-18,12,-18,11,-19,10,-19,10,-19,9,-19,9,-19,8,-19,9,-18,9,-18,9,-17,9,-17,9,-16,8,-15,8,-15,8,-14,8,-13,8,-12,8,-12,7,-11,7,-11,1,-3,0,0,0,0,0,0,0,0,0,0,0,0,0,0,0,0,0,0,2,-4,10,-17,10,-17,11,-17,12,-18,13,-18,13,-19,14,-19,15,-19,16,-19,17,-19,17,-19,17,-19,17,-19,17,-19,17,-19,17,-18,17,-18,16,-19,16,-19,16,-19,16,-19,15,-19,14,-19,14,-19,15,-19,15,-18"
3.567704677581787,69,"CSI,3384,128,83,49,21,0,21,-16,22,-14,21,-12,18,-11,17,-11,17,-9,15,-6,9,-3,8,-3,7,-4,3,-3,-2,-5,-4,-8,-5,-10,-5,-11,-4,-13,-3,-14,-5,-14,-6,-12,-6,-11,-7,-10,-8,-10,-7,-10,-7,-8,-7,-6,-2,-1,0,0,0,0,0,0,0,0,0,0,0,0,0,0,0,0,0,0,-3,-1,-7,-2,-3,-1,-2,-2,-2,-3,-1,-1,2,2,4,3,5,3,7,5,11,7,11,10,10,11,10,13,10,14,8,14,9,14,8,14,5,15,3,14,4,10,5,6,6,3,7,-2,11,-5,15,-7,16,-10"
3.623901844024658,70,"CSI,232,128,101,81,22,0,12,-14,11,-14,11,-14,11,-14,11,-14,10,-14,9,-14,9,-14,9,-14,8,-14,8,-15,8,-14,8,-14,8,-14,9,-13,9,-13,8,-13,8,-12,8,-11,8,-11,8,-10,7,-9,7,-9,7,-8,7,-8,1,-2,0,0,0,0,0,0,0,0,0,0,0,0,0,0,0,0,0,0,2,-4,8,-13,8,-14,9,-14,10,-14,11,-15,11,-15,11,-15,12,-15,13,-15,14,-15,14,-15,14,-15,14,-15,14,-15,14,-15,14,-15,14,-14,14,-15,14,-15,14,-15,13,-15,13,-15,12,-15,12,-15,13,-15,13,-15"
3.6694278717041016,71,"CSI,3389,128,83,49,21,0,-17,17,-16,16,-16,13,-18,9,-19,11,-20,11,-12,12,1,17,3,15,-1,9,-3,5,-3,5,-1,8,0,9,2,9,4,10,1,12,0,13,1,13,0,10,1,11,3,12,2,9,0,7,0,8,0,2,0,0,0,0,0,0,0,0,0,0,0,0,0,0,0,0,0,0,0,-2,0,-8,-3,-5,-4,-1,-4,0,-3,0,-4,0,-5,1,-7,1,-11,1,-15,1,-17,-2,-20,-5,-20,-3,-20,-4,-20,-8,-20,-9,-19,-9,-14,-8,-10,-8,-11,-7,-11,-3,-7,2,-5,6,-7,9,-11,11,-12,13"
3.74314284324646,72,"CSI,233,128,101,81,22,0,-15,-17,-16,-17,-16,-16,-16,-16,-16,-15,-16,-14,-16,-14,-16,-14,-16,-14,-16,-14,-16,-14,-15,-13,-15,-13,-16,-13,-15,-12,-14,-13,-14,-13,-13,-13,-12,-12,-11,-12,-11,-11,-10,-11,-10,-10,-9,-10,-8,-10,-2,-3,0,0,0,0,0,0,0,0,0,0,0,0,0,0,0,0,0,0,-4,-3,-15,-12,-16,-13,-16,-14,-16,-14,-17,-15,-17,-16,-17,-17,-17,-18,-17,-18,-17,-19,-16,-20,-16,-21,-16,-21,-16,-21,-16,-20,-16,-20,-16,-20,-16,-20,-16,-19,-16,-18,-16,-18,-16,-19,-16,-19,-16,-19,-17,-18,-18,-18"
3.788641929626465,73,"CSI,157,128,-117,-78,40,0,-22,5,-22,5,-22,5,-22,6,-21,6,-21,6,-20,6,-19,6,-20,7,-19,7,-19,7,-18,7,-18,7,-18,7,-18,7,-18,6,-17,5,-16,5,-16,4,-15,4,-15,4,-14,4,-14,3,-13,3,-12,2,-3,0,0,0,0,0,0,0,0,0,0,0,0,0,0,0,0,0,0,0,-5,1,-19,6,-19,6,-20,6,-21,6,-22,5,-22,5,-23,5,-24,4,-25,4,-25,4,-25,3,-25,2,-25,2,-25,2,-25,2,-25,2,-25,2,-24,3,-24,3,-25,4,-24,4,-24,4,-24,4,-24,4,-24,5,-25,5"
3.8488478660583496,74,"CSI,234,128,101,81,22,0,17,13,17,13,17,13,18,12,17,11,17,11,17,11,17,10,17,10,17,10,17,10,17,9,17,9,17,8,16,8,16,8,15,9,14,9,14,9,13,8,12,7,12,7,11,7,10,7,10,7,2,1,0,0,0,0,0,0,0,0,0,0,0,0,0,0,0,0,0,0,3,2,15,10,15,11,15,12,16,12,16,13,17,14,17,15,17,16,17,16,17,16,17,17,17,18,16,18,16,18,16,18,17,18,17,17,17,17,17,16,17,15,17,15,17,15,18,15,17,15,18,15,18,16"
3.883762836456299,75,"CSI,3138,128,77,-47,20,0,-23,8,-24,7,-24,7,-21,6,-18,5,-17,4,-15,2,-9,0,-8,0,-8,3,-5,4,-3,5,-2,7,-1,8,-1,11,0,13,0,14,0,13,0,11,-2,10,-2,10,-2,10,-1,9,-2,9,-3,7,-1,1,0,0,0,0,0,0,0,0,0,0,0,0,0,0,0,0,0,0,0,-2,3,-6,2,-4,0,-4,-1,-4,-3,-3,-5,-2,-5,-2,-6,-1,-9,-2,-13,-6,-15,-8,-16,-7,-17,-7,-16,-8,-15,-11,-15,-13,-12,-11,-9,-9,-9,-9,-8,-9,-9,-7,-9,-3,-9,2,-11,7,-13,10,-12,13"
3.9615800380706787,76,"CSI,235,128,101,81,22,0,17,13,17,13,18,12,18,12,17,11,17,11,18,11,18,10,17,10,17,10,17,10,17,9,17,9,17,9,17,9,16,9,15,10,14,10,13,9,13,9,12,8,11,8,11,8,10,8,9,8,2,2,0,0,0,0,0,0,0,0,0,0,0,0,0,0,0,0,0,0,4,2,17,8,17,8,17,9,18,10,18,11,19,12,19,13,19,14,19,14,19,15,19,15,19,16,18,17,18,16,18,16,18,16,18,16,18,16,18,15,18,14,19,14,18,14,19,15,19,14,19,14,20,14"
3.9931108951568604,77,"CSI,3401,128,83,49,21,0,-24,-17,-24,-17,-22,-16,-19,-15,-17,-15,-16,-14,-15,-9,-14,-3,-11,-2,-9,-2,-9,-3,-8,-2,-6,0,-6,3,-8,5,-9,5,-9,7,-10,8,-11,6,-10,3,-9,2,-10,2,-10,2,-9,3,-9,3,-2,0,0,0,0,0,0,0,0,0,0,0,0,0,0,0,0,0,0,0,0,0,2,0,2,0,2,-1,2,-2,2,-3,-1,-2,-2,-3,-2,-6,-3,-8,-3,-12,-2,-16,-2,-17,0,-19,4,-21,4,-20,3,-17,3,-15,3,-14,2,-14,2,-12,-1,-10,-5,-8,-8,-7,-11,-9,-13,-12,-15,-13"
4.080720901489258,78,"CSI,236,128,101,81,22,0,-17,-16,-18,-16,-18,-16,-17,-15,-17,-14,-17,-13,-18,-13,-18,-13,-18,-13,-18,-13,-18,-12,-18,-12,-17,-11,-17,-11,-17,-11,-16,-11,-15,-11,-15,-11,-14,-11,-13,-10,-13,-9,-12,-9,-12,-9,-11,-9,-10,-9,-3,-3,0,0,0,0,0,0,0,0,0,0,0,0,0,0,0,0,0,0,-4,-4,-15,-13,-15,-14,-15,-15,-15,-15,-16,-16,-16,-17,-17,-18,-17,-19,-16,-19,-16,-19,-16,-20,-16,-21,-16,-21,-16,-21,-16,-21,-16,-20,-16,-20,-16,-20,-16,-19,-17,-18,-17,-18,-17,-18,-17,-18,-17,-18,-17,-18,-18,-18"
4.113221883773804,79,"CSI,3405,128,83,49,21,0,-23,15,-23,11,-23,9,-21,8,-19,6,-19,7,-16,8,-10,8,-7,5,-5,3,-3,4,-3,6,-2,7,0,10,1,12,2,12,3,11,4,12,4,12,1,11,0,10,-1,8,-3,8,-4,9,-3,9,-1,2,0,0,0,0,0,0,0,0,0,0,0,0,0,0,0,0,0,0,0,-2,0,-7,-2,-7,-2,-4,-2,-2,-2,-1,-4,-1,-6,-3,-7,-3,-9,-1,-11,-1,-16,-5,-18,-8,-16,-8,-16,-8,-17,-11,-17,-13,-14,-13,-10,-13,-9,-10,-10,-9,-9,-5,-8,-1,-10,1,-12,3,-12,5,-12,6"
4.183097839355469,80,"CSI,3408,128,83,49,21,0,-13,17,-14,18,-14,19,-14,18,-12,17,-11,15,-10,10,-7,5,-6,3,-3,3,0,5,1,7,1,9,3,11,7,11,8,11,6,10,3,8,2,8,3,10,2,11,1,10,1,9,1,8,0,7,0,1,0,0,0,0,0,0,0,0,0,0,0,0,0,0,0,0,0,0,-1,-2,-2,-5,-4,-2,-4,0,-3,-1,-3,0,-3,2,-6,3,-10,4,-12,4,-13,2,-16,1,-16,1,-15,0,-16,-2,-18,-3,-18,-3,-17,-3,-14,-3,-11,-1,-11,-1,-11,-2,-10,1,-9,7,-12,10,-14,11,-14,11"
4.216875076293945,81,"CSI,237,128,101,81,22,0,12,-20,12,-19,11,-19,11,-19,11,-19,10,-19,9,-19,9,-19,8,-19,8,-19,7,-19,7,-19,7,-19,8,-18,8,-17,8,-17,7,-17,7,-16,7,-15,7,-14,7,-13,7,-13,7,-12,7,-11,6,-10,1,-3,0,0,0,0,0,0,0,0,0,0,0,0,0,0,0,0,0,0,2,-5,9,-17,9,-18,10,-18,11,-19,12,-19,12,-19,13,-20,13,-20,15,-20,15,-20,15,-20,15,-20,15,-20,16,-20,16,-20,15,-19,15,-19,15,-20,15,-19,15,-20,15,-20,14,-20,13,-20,13,-20,13,-19,13,-19"
4.282798767089844,82,"CSI,3412,128,83,49,21,0,4,22,4,21,4,17,3,14,3,16,4,16,2,13,-1,10,2,8,3,8,2,10,5,9,8,5,9,2,8,1,9,1,11,1,10,1,9,1,9,1,9,1,8,0,9,1,9,1,8,3,2,1,0,0,0,0,0,0,0,0,0,0,0,0,0,0,0,0,0,0,-1,-1,-3,-3,-1,-3,-2,0,-3,1,-3,1,-2,3,-4,5,-6,6,-7,7,-9,7,-11,8,-15,8,-16,6,-14,4,-12,3,-14,3,-13,2,-12,3,-10,3,-7,2,-4,2,-3,4,-2,7,-1,12,1,14,1,12"
4.308879852294922,83,"CSI,238,128,101,81,22,0,6,22,6,22,6,21,6,20,6,19,7,19,8,19,8,19,8,19,8,19,8,18,8,18,8,17,8,17,7,16,6,16,6,16,6,16,6,15,5,14,4,13,4,13,3,12,3,11,2,11,0,2,0,0,0,0,0,0,0,0,0,0,0,0,0,0,0,0,0,0,1,4,7,18,6,19,6,20,6,20,6,21,6,22,6,24,6,24,5,24,4,25,4,25,4,26,3,26,3,26,3,25,4,25,4,25,4,24,4,24,4,23,5,23,6,23,6,23,5,23,5,23,5,24"
4.422591924667358,84,"CSI,239,128,101,81,22,0,-16,-12,-16,-11,-16,-11,-16,-10,-16,-9,-16,-9,-16,-9,-16,-9,-16,-9,-16,-9,-16,-9,-15,-8,-15,-8,-15,-8,-15,-7,-14,-8,-13,-8,-13,-8,-12,-8,-11,-8,-11,-7,-10,-7,-10,-7,-9,-7,-8,-7,-2,-2,0,0,0,0,0,0,0,0,0,0,0,0,0,0,0,0,0,0,-4,-2,-16,-7,-16,-8,-16,-8,-17,-9,-17,-9,-17,-10,-18,-11,-18,-12,-18,-12,-18,-13,-18,-14,-17,-14,-17,-15,-17,-14,-17,-14,-17,-14,-17,-14,-17,-14,-17,-13,-17,-12,-17,-12,-17,-12,-17,-13,-17,-13,-18,-12,-19,-12"
4.52290678024292,85,"CSI,240,128,101,81,22,0,4,-18,4,-18,3,-18,3,-18,3,-17,3,-17,2,-17,1,-17,1,-17,1,-17,1,-17,1,-17,1,-16,1,-16,1,-16,2,-16,1,-15,1,-15,2,-14,2,-13,2,-12,2,-12,2,-11,2,-10,2,-10,0,-3,0,0,0,0,0,0,0,0,0,0,0,0,0,0,0,0,0,0,0,-4,2,-16,2,-17,2,-17,3,-18,3,-19,3,-19,4,-20,4,-20,5,-20,6,-20,7,-21,7,-21,7,-21,7,-20,7,-20,7,-20,6,-20,6,-20,6,-20,6,-19,6,-20,5,-20,5,-20,5,-19,5,-19,5,-20"
4.638399839401245,86,"CSI,241,128,101,81,22,0,-14,20,-14,20,-13,19,-13,19,-13,19,-12,19,-11,19,-10,19,-10,19,-9,19,-9,19,-9,19,-9,19,-9,18,-9,18,-9,17,-8,17,-8,16,-8,15,-8,14,-8,13,-8,12,-8,12,-8,11,-7,10,-2,2,0,0,0,0,0,0,0,0,0,0,0,0,0,0,0,0,0,0,-3,4,-11,17,-11,18,-12,18,-13,19,-14,19,-14,20,-15,20,-16,20,-17,20,-18,20,-18,20,-18,20,-18,20,-19,20,-18,20,-18,19,-18,19,-17,20,-18,20,-17,20,-17,20,-16,20,-15,20,-15,20,-16,19,-16,18"
4.695074081420898,87,"CSI,3428,128,83,49,21,0,-28,0,-28,1,-27,-2,-26,-4,-24,-3,-22,-3,-22,-2,-23,1,-19,2,-14,3,-9,5,-6,4,-3,4,-3,7,-3,10,-2,13,-2,14,-4,13,-5,15,-4,16,-3,14,-2,12,-3,11,-5,9,-7,7,-2,1,0,0,0,0,0,0,0,0,0,0,0,0,0,0,0,0,0,0,1,-1,5,-2,5,-1,5,0,3,1,-2,0,-5,-2,-6,-5,-6,-8,-6,-11,-6,-14,-7,-18,-7,-20,-6,-22,-4,-25,-3,-24,-3,-24,-2,-22,1,-16,1,-14,0,-15,0,-12,-2,-9,-6,-9,-11,-7,-16,-3,-18,-4"
4.749398946762085,88,"CSI,242,128,101,81,22,0,-21,9,-21,9,-20,9,-20,9,-20,10,-19,10,-18,10,-18,10,-18,10,-17,10,-17,10,-17,10,-17,10,-17,10,-17,10,-16,9,-15,8,-15,8,-14,7,-14,7,-14,6,-13,6,-13,5,-12,5,-12,4,-3,1,0,0,0,0,0,0,0,0,0,0,0,0,0,0,0,0,0,0,-5,2,-17,10,-18,10,-19,10,-20,10,-21,10,-21,10,-22,10,-23,10,-24,9,-25,9,-25,8,-24,8,-24,8,-24,8,-24,8,-24,7,-24,7,-24,8,-24,8,-24,9,-23,9,-23,9,-22,8,-22,8,-23,9,-23,9"
4.833034038543701,89,"CSI,161,128,-117,-78,40,0,9,10,9,10,10,9,10,9,9,8,10,8,10,8,10,8,10,8,10,8,10,8,10,7,9,7,9,7,9,6,9,7,8,7,8,7,8,7,7,6,7,5,6,5,6,5,5,5,5,5,1,1,0,0,0,0,0,0,0,0,0,0,0,0,0,0,0,0,0,0,2,1,9,7,9,8,9,8,9,9,9,9,9,10,10,11,10,11,9,11,9,11,9,12,9,12,9,13,9,12,9,12,9,12,9,12,9,12,9,11,9,11,9,11,10,11,10,11,10,11,10,11,11,11"
4.863566875457764,90,"CSI,3139,128,75,-79,20,0,9,26,8,22,8,22,8,23,8,22,7,20,7,18,8,18,8,17,7,12,6,7,5,4,4,3,4,3,5,-1,7,-4,10,-2,13,-2,14,-5,15,-5,13,-3,11,0,11,2,11,3,10,3,2,0,0,0,0,0,0,0,0,0,0,0,0,0,0,0,0,0,0,0,-1,-1,-1,-5,-1,-5,-1,-3,-1,-2,-1,-1,0,2,-1,6,-3,8,-5,10,-7,11,-8,12,-9,13,-10,14,-13,12,-17,10,-17,9,-16,6,-16,4,-17,4,-15,4,-11,4,-8,5,-4,6,-1,9,4,12,10,10"
4.902277946472168,91,"CSI,243,128,101,81,22,0,-14,-3,-14,-3,-14,-3,-14,-2,-14,-2,-14,-2,-14,-1,-14,-1,-14,-1,-13,-1,-13,-1,-13,-1,-13,-1,-13,-1,-13,-1,-12,-1,-12,-1,-11,-2,-11,-2,-11,-1,-10,-1,-10,-1,-9,-1,-9,-2,-8,-2,-2,-1,0,0,0,0,0,0,0,0,0,0,0,0,0,0,0,0,0,0,-3,-1,-12,-2,-12,-2,-13,-3,-13,-3,-14,-3,-14,-3,-14,-4,-14,-4,-15,-4,-15,-4,-15,-5,-15,-5,-15,-5,-15,-5,-15,-5,-15,-5,-15,-5,-14,-5,-15,-4,-15,-4,-15,-4,-15,-4,-15,-4,-15,-4,-15,-4,-15,-4"
4.932772874832153,92,"CSI,3437,128,83,49,21,0,-19,16,-20,19,-18,21,-18,21,-19,19,-17,16,-16,12,-13,7,-13,7,-12,7,-6,6,-3,6,-3,7,0,6,4,4,8,3,11,4,12,6,12,6,13,7,12,8,11,7,9,6,7,5,5,4,1,0,0,0,0,0,0,0,0,0,0,0,0,0,0,0,0,0,0,0,1,-1,5,-3,3,-1,3,0,1,2,-1,1,-2,-2,-3,-3,-6,-5,-8,-7,-10,-9,-12,-13,-12,-15,-10,-15,-10,-18,-12,-20,-12,-19,-10,-17,-11,-16,-10,-15,-8,-13,-8,-10,-7,-9,-7,-6,-10,0,-12,5,-13,9"
4.970915794372559,93,"CSI,244,128,101,81,22,0,23,2,23,2,23,1,23,0,23,0,23,0,22,-1,22,-1,22,-1,22,-1,21,-2,21,-2,21,-2,21,-2,21,-2,20,-2,19,-1,19,0,18,0,17,0,16,0,16,0,15,0,14,0,14,1,3,0,0,0,0,0,0,0,0,0,0,0,0,0,0,0,0,0,0,0,4,-1,19,-1,20,0,20,0,21,0,22,1,23,2,23,3,24,3,25,3,25,4,25,4,25,5,25,5,25,5,25,5,25,5,25,5,25,5,25,4,25,3,25,3,25,3,24,3,25,3,26,2,26,2"
5.004136800765991,94,"CSI,3440,128,83,49,21,0,15,-16,19,-15,21,-16,20,-17,20,-17,19,-15,15,-14,11,-14,10,-13,11,-10,8,-7,3,-5,-1,-6,-5,-9,-7,-10,-8,-8,-10,-7,-11,-7,-11,-8,-12,-9,-12,-10,-11,-11,-10,-9,-9,-9,-8,-9,-2,-3,0,0,0,0,0,0,0,0,0,0,0,0,0,0,0,0,0,0,-2,-1,-6,-2,-4,-2,-3,0,-3,-2,-1,-2,2,0,3,2,3,4,5,7,7,9,8,12,7,14,5,15,5,17,6,20,6,22,5,22,3,19,2,18,2,15,3,10,3,8,3,4,5,-1,7,-5,9,-9"
5.033386945724487,95,"CSI,3140,128,77,-47,20,0,17,16,18,14,21,13,25,14,24,15,22,12,18,12,10,14,9,13,10,8,8,1,7,-1,5,-2,3,-4,2,-8,0,-12,0,-13,0,-13,0,-14,-1,-16,-2,-16,-2,-15,-1,-14,-1,-13,2,-13,1,-4,0,0,0,0,0,0,0,0,0,0,0,0,0,0,0,0,0,0,1,-3,4,-8,3,-6,2,-5,2,-4,3,-1,1,2,-2,3,-3,4,-6,5,-9,6,-10,9,-11,11,-14,11,-18,11,-20,11,-20,10,-19,9,-17,10,-16,11,-15,9,-11,7,-9,7,-6,6,0,6,5,9,9,13"
5.089771032333374,96,"CSI,245,128,101,81,22,0,-18,9,-17,9,-17,9,-17,9,-17,9,-16,9,-16,9,-15,9,-15,9,-15,10,-15,10,-15,10,-15,10,-15,9,-15,9,-15,9,-14,8,-14,7,-13,7,-13,7,-13,6,-12,6,-12,5,-12,5,-11,4,-3,1,0,0,0,0,0,0,0,0,0,0,0,0,0,0,0,0,0,0,-4,2,-13,9,-13,9,-14,9,-15,9,-16,9,-16,9,-17,9,-17,9,-18,9,-19,9,-19,8,-19,8,-19,8,-19,8,-19,8,-19,7,-19,7,-19,8,-19,8,-19,8,-19,8,-18,8,-18,8,-18,8,-19,8,-19,9"
5.120426893234253,97,"CSI,3445,128,83,49,21,0,17,17,20,18,20,18,21,18,19,18,17,18,14,19,12,19,13,16,12,12,7,7,7,2,7,-1,5,-3,4,-6,5,-7,5,-9,7,-13,8,-14,8,-14,10,-15,10,-15,8,-14,7,-12,8,-9,2,-2,0,0,0,0,0,0,0,0,0,0,0,0,0,0,0,0,0,0,-1,-2,-2,-7,2,-4,4,-4,3,-4,1,-1,0,0,0,1,-2,3,-5,6,-6,8,-11,8,-13,10,-15,12,-19,13,-21,12,-20,8,-18,5,-17,6,-19,7,-19,7,-14,5,-7,3,-4,3,0,8,4,10,6,7"
5.197396993637085,98,"CSI,246,128,101,81,22,0,7,20,8,20,8,19,8,18,8,18,9,17,9,17,10,17,10,17,10,17,10,17,9,16,9,16,10,15,9,15,9,15,8,15,8,15,7,14,7,13,6,12,6,12,5,12,5,11,4,11,1,2,0,0,0,0,0,0,0,0,0,0,0,0,0,0,0,0,0,0,2,3,8,15,8,16,8,17,8,18,8,18,8,19,8,21,8,21,8,22,7,22,6,23,6,23,6,23,6,23,6,23,6,23,6,23,6,22,6,21,7,21,7,21,7,21,8,21,7,21,8,21,9,21"
5.227752923965454,99,"CSI,3449,128,83,49,21,0,29,9,29,8,29,6,30,8,29,7,26,5,25,5,25,6,20,4,15,1,10,1,8,0,6,-1,3,-3,-1,-8,-2,-12,-1,-14,-1,-15,-3,-16,-3,-16,-2,-15,-1,-13,-2,-14,-3,-15,-1,-16,0,-4,0,0,0,0,0,0,0,0,0,0,0,0,0,0,0,0,0,0,0,-2,0,-7,-1,-9,-1,-8,0,-4,-1,-2,-1,0,0,2,-2,6,-4,10,-4,10,-7,12,-9,16,-12,18,-15,18,-16,19,-16,19,-17,18,-18,17,-16,16,-14,14,-12,11,-8,7,-4,4,2,4,9,6,15,6"
5.30945897102356,100,"CSI,3453,128,83,49,21,0,-18,19,-20,18,-22,19,-22,20,-21,20,-21,18,-19,15,-13,12,-13,11,-14,10,-11,10,-5,8,0,5,4,3,7,2,10,-1,14,-1,15,2,13,4,13,3,14,2,14,2,13,3,11,3,10,2,2,0,0,0,0,0,0,0,0,0,0,0,0,0,0,0,0,0,0,0,1,1,4,4,2,2,1,2,-1,3,-2,-1,-2,-3,-1,-4,-3,-6,-5,-10,-5,-13,-4,-17,-3,-20,-3,-20,-3,-19,-3,-22,-4,-25,-3,-22,-2,-18,-4,-16,-2,-14,-1,-11,-4,-7,-7,-5,-9,-1,-13,6,-17,12"
5.3455870151519775,101,"CSI,247,128,101,81,22,0,-15,18,-14,18,-14,18,-14,18,-14,18,-13,18,-11,18,-11,18,-11,18,-10,18,-10,18,-10,18,-10,18,-10,18,-10,17,-10,17,-10,16,-9,15,-9,15,-10,14,-10,13,-9,12,-9,12,-9,11,-9,10,-2,2,0,0,0,0,0,0,0,0,0,0,0,0,0,0,0,0,0,0,-3,4,-11,16,-12,16,-13,16,-14,17,-14,17,-15,18,-15,18,-16,18,-18,18,-18,18,-19,18,-18,18,-18,18,-19,18,-18,17,-18,17,-18,17,-18,17,-18,18,-18,18,-17,18,-16,18,-16,18,-16,18,-17,18,-17,19"
5.412024736404419,102,"CSI,3456,128,83,49,21,0,1,27,4,28,6,29,4,28,3,26,4,24,1,22,-4,19,-5,17,-2,14,0,12,1,11,3,7,3,2,4,-2,7,-5,10,-8,11,-10,12,-12,13,-11,13,-7,12,-6,10,-7,10,-5,11,-1,3,0,0,0,0,0,0,0,0,0,0,0,0,0,0,0,0,0,0,0,1,-1,5,-3,6,-3,4,-2,1,-1,-2,1,-4,3,-7,2,-10,2,-13,2,-15,0,-16,-2,-17,-3,-16,-6,-17,-8,-20,-6,-21,-6,-19,-9,-15,-12,-14,-10,-15,-8,-15,-6,-11,-3,-5,1,-1,6,-2,11,-1,14"
5.445229768753052,103,"CSI,248,128,101,81,22,0,-22,10,-22,10,-22,10,-21,11,-21,11,-20,11,-19,11,-19,11,-19,11,-18,12,-18,12,-17,12,-18,12,-18,12,-18,11,-17,11,-17,10,-16,9,-16,9,-15,8,-15,8,-14,8,-14,7,-13,6,-13,5,-4,1,0,0,0,0,0,0,0,0,0,0,0,0,0,0,0,0,0,0,-5,2,-18,9,-19,9,-19,9,-20,9,-21,9,-22,9,-22,9,-23,9,-24,9,-25,9,-25,8,-25,7,-25,7,-25,7,-25,7,-25,7,-25,7,-24,8,-25,8,-25,9,-24,9,-23,9,-23,9,-23,9,-24,9,-25,8"
5.531832695007324,104,"CSI,249,128,101,81,22,0,4,19,4,19,5,18,5,18,5,17,5,17,5,17,6,17,6,17,6,17,6,16,6,16,6,16,6,15,6,15,5,15,4,15,4,15,4,14,3,13,3,12,3,12,2,11,2,11,1,11,0,2,0,0,0,0,0,0,0,0,0,0,0,0,0,0,0,0,0,0,1,3,5,14,5,14,5,15,5,16,5,17,5,18,5,19,5,19,4,20,3,20,3,20,3,21,3,21,3,21,3,21,3,20,3,20,3,20,3,20,3,19,3,19,4,20,4,20,4,20,4,20,5,20"
5.651136875152588,105,"CSI,250,128,101,81,22,0,-10,22,-9,22,-9,22,-9,22,-9,21,-8,21,-7,21,-6,21,-6,21,-6,21,-6,21,-6,21,-6,21,-6,20,-7,20,-7,20,-6,19,-6,18,-6,17,-7,16,-7,15,-7,14,-7,14,-7,13,-7,12,-2,3,0,0,0,0,0,0,0,0,0,0,0,0,0,0,0,0,0,0,-2,4,-6,19,-6,19,-7,20,-8,20,-8,21,-8,22,-9,23,-10,23,-11,23,-12,23,-13,23,-13,23,-13,23,-13,23,-13,23,-13,22,-12,23,-12,23,-12,23,-12,23,-12,23,-11,23,-10,23,-11,22,-12,23,-12,23"
5.767293930053711,106,"CSI,251,128,101,81,22,0,-17,18,-16,18,-16,18,-16,18,-16,18,-15,18,-14,18,-13,18,-13,18,-13,18,-12,18,-12,18,-12,18,-13,17,-13,17,-12,17,-12,16,-11,15,-11,14,-11,13,-11,12,-11,12,-11,11,-10,10,-10,10,-3,2,0,0,0,0,0,0,0,0,0,0,0,0,0,0,0,0,0,0,-3,4,-12,16,-13,16,-14,16,-15,17,-16,17,-16,18,-17,18,-18,18,-19,18,-20,18,-20,18,-20,18,-20,18,-20,17,-20,17,-20,17,-20,17,-19,17,-19,18,-20,18,-19,18,-18,18,-17,18,-18,18,-19,18,-20,18"
5.797903776168823,107,"CSI,3141,128,75,-79,20,0,-4,24,-1,27,5,27,4,25,-2,24,-2,24,1,23,-1,17,-4,11,-4,9,-3,8,-2,4,1,-1,3,-5,6,-6,9,-4,11,-3,12,-3,14,-4,14,-3,14,-1,15,1,13,1,10,0,7,0,1,0,0,0,0,0,0,0,0,0,0,0,0,0,0,0,0,0,0,0,-1,-1,-2,-3,-1,-3,-1,-3,-2,-3,-2,-2,-4,-1,-6,1,-6,5,-9,6,-12,4,-13,5,-16,6,-21,5,-23,4,-22,4,-18,2,-17,-2,-18,-2,-16,-2,-15,-3,-14,-3,-11,1,-9,5,-9,7,-5,8,2,9"
5.828550815582275,108,"CSI,3142,128,75,-79,20,0,16,-21,17,-17,19,-16,21,-16,21,-17,17,-17,13,-15,8,-14,6,-11,4,-8,3,-5,2,-2,1,-2,-1,-4,-7,-6,-12,-5,-12,-3,-13,-3,-14,-5,-15,-5,-17,-5,-15,-7,-12,-9,-11,-9,-11,-8,-3,-2,0,0,0,0,0,0,0,0,0,0,0,0,0,0,0,0,0,0,-1,1,-2,2,-4,2,-3,3,-1,2,0,2,0,5,1,7,4,6,5,6,6,8,7,10,8,12,9,13,9,14,10,17,11,20,8,19,7,17,10,17,12,16,10,13,5,9,5,3,8,-2,8,-4,10,-4"
5.86185884475708,109,"CSI,3472,128,83,49,21,0,-28,-12,-29,-11,-28,-11,-26,-13,-24,-13,-23,-12,-20,-11,-17,-8,-13,-7,-9,-4,-6,-1,-3,-1,-1,1,0,4,2,6,4,8,3,10,2,12,0,12,-1,11,1,13,2,14,1,14,-2,14,-7,14,-3,3,0,0,0,0,0,0,0,0,0,0,0,0,0,0,0,0,0,0,-1,1,-3,3,-3,3,0,3,3,1,3,-2,2,-4,3,-6,2,-8,0,-11,2,-14,7,-14,10,-14,10,-16,11,-17,11,-17,11,-19,11,-18,12,-15,13,-15,12,-15,7,-12,5,-10,1,-10,-4,-10,-7,-9,-7,-8"
5.892392873764038,110,"CSI,252,128,101,81,22,0,23,1,23,0,23,0,23,-1,23,-2,22,-2,22,-2,22,-2,21,-2,21,-2,20,-2,20,-3,20,-3,20,-3,20,-3,20,-2,19,-1,18,0,17,0,16,-1,16,-1,15,0,14,0,14,0,13,1,3,0,0,0,0,0,0,0,0,0,0,0,0,0,0,0,0,0,0,0,5,-1,20,-4,20,-4,21,-3,22,-3,23,-3,23,-2,24,-1,25,0,26,0,26,0,26,1,25,2,25,2,25,2,25,2,26,2,25,2,25,2,25,1,25,1,25,0,25,1,24,1,25,1,26,0,26,0"
5.9312357902526855,111,"CSI,165,128,-117,-78,40,0,-17,-8,-17,-8,-17,-8,-17,-7,-16,-6,-16,-6,-16,-6,-17,-6,-16,-6,-16,-6,-16,-5,-16,-5,-16,-5,-16,-4,-16,-4,-15,-5,-14,-5,-14,-5,-13,-5,-13,-5,-12,-4,-11,-4,-11,-4,-10,-5,-10,-5,-3,-2,0,0,0,0,0,0,0,0,0,0,0,0,0,0,0,0,0,0,-4,-2,-15,-5,-15,-6,-16,-7,-16,-7,-17,-7,-17,-8,-17,-9,-18,-9,-18,-10,-18,-10,-18,-11,-17,-11,-17,-12,-17,-11,-18,-11,-18,-11,-18,-11,-17,-11,-17,-10,-17,-10,-17,-9,-17,-9,-18,-9,-18,-9,-18,-9,-19,-9"
5.961796760559082,112,"CSI,3477,128,83,49,21,0,-1,-29,3,-32,4,-34,3,-31,0,-25,-1,-23,1,-22,4,-16,4,-13,2,-12,0,-9,-3,-4,-5,0,-7,1,-8,3,-9,6,-9,6,-11,8,-12,10,-10,10,-10,9,-9,8,-8,6,-10,4,-11,3,-3,0,0,0,0,0,0,0,0,0,0,0,0,0,0,0,0,0,0,0,-2,0,-6,3,-4,2,-2,0,-2,1,0,3,3,4,5,3,5,3,6,5,10,7,16,7,19,8,18,8,18,9,19,11,19,12,19,10,17,9,14,8,11,6,9,5,7,3,4,-2,4,-7,5,-12,2,-15"
5.997857093811035,113,"CSI,253,128,101,81,22,0,13,-17,13,-17,13,-17,13,-17,13,-17,12,-17,11,-17,10,-17,10,-17,9,-17,9,-17,9,-17,9,-17,9,-16,9,-16,9,-16,9,-15,8,-14,8,-14,8,-13,8,-13,8,-12,8,-11,8,-10,7,-10,1,-3,0,0,0,0,0,0,0,0,0,0,0,0,0,0,0,0,0,0,2,-4,10,-15,11,-15,12,-16,13,-16,13,-17,13,-17,14,-17,15,-17,16,-17,17,-17,17,-17,17,-17,17,-17,17,-17,17,-16,17,-16,16,-16,16,-17,16,-17,16,-17,16,-17,15,-17,14,-17,15,-17,15,-17,15,-17"
6.028087854385376,114,"CSI,3143,128,77,-47,20,0,26,-4,29,-2,30,1,30,1,28,-1,25,-4,20,-3,20,1,19,1,15,-2,9,-2,4,-4,0,-6,-4,-7,-6,-7,-6,-10,-7,-11,-8,-13,-9,-15,-8,-17,-8,-16,-7,-14,-5,-13,-4,-12,-3,-11,-1,-3,0,0,0,0,0,0,0,0,0,0,0,0,0,0,0,0,0,0,-2,-2,-5,-6,-4,-5,-3,-3,-3,-2,-2,0,-2,2,-1,4,-1,6,-2,8,-1,11,1,15,3,19,0,22,-5,23,-6,22,-6,23,-5,24,-4,21,-5,16,-5,12,-2,10,1,9,3,7,8,4,13,2,13,1"
6.099890947341919,115,"CSI,254,128,101,81,22,0,-19,7,-18,7,-18,7,-18,7,-18,8,-17,8,-17,8,-16,8,-16,8,-16,8,-15,8,-15,8,-15,8,-15,8,-15,8,-15,8,-14,7,-14,6,-13,6,-13,6,-13,5,-12,5,-12,5,-11,4,-11,3,-3,0,0,0,0,0,0,0,0,0,0,0,0,0,0,0,0,0,0,0,-4,1,-16,7,-16,7,-17,7,-18,7,-18,7,-19,7,-19,6,-20,6,-21,6,-22,6,-22,6,-21,5,-21,5,-21,5,-21,5,-21,5,-21,5,-21,5,-21,6,-21,6,-21,6,-20,6,-20,6,-20,6,-20,7,-21,7"
6.2232420444488525,116,"CSI,255,128,101,81,22,0,-13,-18,-14,-18,-14,-17,-14,-16,-14,-16,-14,-15,-14,-15,-15,-15,-15,-15,-15,-15,-15,-14,-14,-14,-14,-14,-14,-13,-14,-13,-13,-13,-13,-14,-12,-13,-11,-13,-10,-12,-10,-11,-9,-11,-9,-10,-8,-10,-8,-10,-2,-3,0,0,0,0,0,0,0,0,0,0,0,0,0,0,0,0,0,0,-4,-4,-13,-14,-13,-14,-13,-15,-13,-16,-14,-17,-14,-18,-14,-19,-14,-20,-14,-20,-13,-20,-13,-21,-13,-22,-13,-22,-13,-22,-13,-21,-13,-21,-13,-21,-13,-21,-13,-20,-13,-19,-13,-19,-13,-19,-14,-20,-14,-19,-14,-19,-15,-20"
6.255428791046143,117,"CSI,3488,128,83,49,21,0,-8,-27,-7,-29,-4,-28,-4,-26,-4,-24,-5,-24,-4,-20,-4,-15,-3,-13,-3,-13,-4,-8,-3,-4,-4,-2,-7,0,-9,3,-12,4,-15,5,-15,7,-13,6,-12,5,-13,6,-14,5,-15,3,-14,3,-13,3,-4,0,0,0,0,0,0,0,0,0,0,0,0,0,0,0,0,0,0,0,-1,0,-2,2,-2,3,-1,3,-1,2,-1,0,2,-2,5,-3,5,-4,7,-5,11,-4,15,-4,19,-3,21,-1,21,1,19,1,20,-1,20,-3,17,-2,14,-1,12,-2,10,-3,8,-2,5,-4,3,-8,1,-11,-3,-13"
6.325439929962158,118,"CSI,256,128,101,81,22,0,-24,5,-23,5,-23,5,-23,5,-23,6,-22,6,-21,6,-21,6,-20,7,-20,7,-20,7,-19,7,-19,7,-20,7,-20,7,-19,6,-18,6,-17,5,-17,4,-17,4,-16,4,-15,4,-15,3,-14,3,-14,2,-4,0,0,0,0,0,0,0,0,0,0,0,0,0,0,0,0,0,0,0,-5,1,-20,6,-20,6,-21,6,-22,5,-23,5,-24,5,-24,4,-25,4,-26,4,-27,4,-27,3,-27,2,-26,2,-26,2,-26,2,-26,2,-26,2,-26,2,-26,3,-26,3,-26,3,-25,3,-25,3,-25,4,-26,4,-27,4"
6.355929851531982,119,"CSI,3493,128,83,49,21,0,14,23,14,25,12,24,12,21,11,20,8,19,9,19,11,19,9,15,8,10,7,7,6,4,7,-1,8,-2,5,-2,4,-4,6,-8,8,-9,9,-9,10,-12,11,-13,10,-10,10,-8,9,-4,8,-1,1,0,0,0,0,0,0,0,0,0,0,0,0,0,0,0,0,0,0,0,-1,-2,-2,-5,-1,-5,1,-3,0,-1,-1,1,-1,3,-3,3,-5,3,-7,4,-10,5,-13,5,-16,8,-17,10,-18,10,-19,11,-20,10,-18,7,-18,6,-18,6,-15,3,-11,3,-7,4,-5,7,-1,11,3,13,5,9"
6.435966968536377,120,"CSI,3496,128,83,49,21,0,6,27,5,27,5,25,5,25,7,23,7,21,8,19,8,13,4,10,2,9,4,6,4,4,4,2,5,0,6,-1,8,-5,9,-9,10,-11,12,-10,13,-9,12,-8,11,-9,11,-8,10,-5,11,-2,2,-1,0,0,0,0,0,0,0,0,0,0,0,0,0,0,0,0,0,0,1,-2,3,-6,2,-6,0,-4,-1,-3,-1,-3,-2,-2,-6,-1,-9,0,-10,4,-14,6,-20,3,-22,1,-20,0,-21,-1,-24,-2,-24,-3,-23,-4,-22,-5,-17,-6,-16,-5,-16,-3,-12,-2,-6,3,-1,10,-2,13,-3,15"
6.4666008949279785,121,"CSI,3144,128,101,80,6,0,-28,-8,-32,-6,-30,-2,-27,-1,-25,0,-20,0,-6,-5,10,-7,4,-4,-4,-3,-4,-2,-4,3,-2,7,-1,8,3,7,7,9,7,10,8,8,9,8,11,7,10,8,10,12,12,14,10,13,5,11,1,2,0,0,0,0,0,0,0,0,0,0,0,0,0,0,0,0,0,0,-1,2,0,10,1,5,0,2,3,0,6,-3,6,-5,5,-5,6,-7,9,-9,10,-11,8,-15,8,-17,9,-17,11,-22,14,-24,18,-21,16,-18,12,-16,11,-15,10,-14,6,-13,1,-11,-1,-9,-4,-10,-11,-9,-13,-8"
6.5020668506622314,122,"CSI,257,128,101,81,22,0,-22,12,-21,12,-21,12,-21,12,-21,12,-20,13,-18,13,-18,13,-18,13,-17,13,-17,13,-16,14,-16,13,-17,13,-17,13,-16,13,-15,12,-15,11,-14,10,-14,10,-14,9,-13,9,-13,8,-13,7,-12,7,-3,1,0,0,0,0,0,0,0,0,0,0,0,0,0,0,0,0,0,0,-5,2,-18,10,-19,10,-20,10,-21,10,-22,10,-22,11,-23,11,-24,10,-25,10,-26,10,-26,10,-25,9,-25,9,-26,9,-26,9,-25,9,-25,9,-25,10,-25,10,-25,10,-25,11,-24,11,-23,11,-23,11,-24,11,-25,10"
6.535693883895874,123,"CSI,3501,128,83,49,21,0,24,-6,26,-4,26,-6,26,-6,28,-3,27,-5,20,-5,11,-3,9,-2,12,-3,10,-3,6,-3,1,-2,-3,-4,-4,-6,-4,-8,-5,-11,-8,-13,-9,-13,-7,-14,-6,-15,-7,-13,-5,-10,-2,-11,0,-11,0,-3,0,0,0,0,0,0,0,0,0,0,0,0,0,0,0,0,0,0,-3,0,-8,0,-5,-1,-1,-1,0,0,0,0,2,2,4,3,5,4,6,7,7,12,8,16,8,17,5,17,3,17,3,19,3,20,2,19,3,18,2,18,1,18,3,16,4,13,5,8,8,1,8,-5,10,-9"
6.574431896209717,124,"CSI,258,128,101,81,22,0,-25,-5,-24,-5,-24,-5,-24,-4,-24,-3,-23,-3,-23,-3,-23,-2,-23,-2,-23,-2,-22,-2,-22,-1,-22,-1,-22,-1,-22,-1,-21,-1,-20,-2,-19,-3,-19,-3,-18,-2,-17,-2,-16,-2,-16,-2,-15,-3,-14,-4,-4,-1,0,0,0,0,0,0,0,0,0,0,0,0,0,0,0,0,0,0,-6,-1,-21,-2,-22,-2,-22,-3,-23,-3,-24,-4,-24,-5,-25,-6,-26,-6,-27,-6,-27,-7,-26,-7,-26,-8,-26,-9,-26,-9,-26,-9,-26,-9,-26,-9,-26,-8,-26,-7,-26,-6,-26,-6,-26,-7,-25,-7,-25,-6,-26,-6,-27,-6"
6.603320837020874,125,"CSI,3145,128,77,-47,20,0,26,-7,26,-6,23,-4,22,-3,23,-3,22,-5,23,-4,22,0,19,-1,14,-5,12,-7,9,-6,6,-8,3,-10,1,-9,-1,-9,-1,-11,-1,-13,-2,-16,-1,-17,2,-14,2,-12,0,-11,0,-10,2,-10,0,-3,0,0,0,0,0,0,0,0,0,0,0,0,0,0,0,0,0,0,-1,0,-3,1,-1,1,2,1,2,1,4,-1,5,-2,4,1,6,4,7,8,9,12,10,14,9,14,7,16,6,19,5,21,4,22,6,20,7,20,5,19,5,15,6,12,4,10,6,7,10,2,13,-2,14,-3"
6.673418998718262,126,"CSI,259,128,101,81,22,0,-12,-17,-12,-17,-12,-17,-12,-16,-12,-15,-12,-15,-12,-15,-12,-15,-12,-15,-12,-15,-12,-15,-12,-14,-12,-14,-12,-14,-12,-13,-11,-13,-11,-13,-10,-13,-9,-13,-9,-12,-8,-11,-8,-11,-7,-11,-7,-10,-6,-10,-2,-3,0,0,0,0,0,0,0,0,0,0,0,0,0,0,0,0,0,0,-4,-3,-13,-12,-13,-13,-13,-14,-13,-14,-13,-15,-13,-16,-13,-17,-13,-18,-13,-18,-12,-19,-12,-19,-12,-20,-12,-20,-12,-20,-12,-20,-12,-20,-12,-20,-12,-20,-11,-19,-11,-18,-12,-18,-12,-18,-12,-19,-12,-18,-12,-18,-13,-18"
6.777700901031494,127,"CSI,260,128,101,81,22,0,0,-13,0,-13,0,-12,-1,-12,-1,-12,-1,-12,-2,-12,-2,-12,-2,-11,-2,-11,-2,-11,-2,-11,-2,-11,-2,-11,-2,-11,-1,-11,-1,-11,-1,-10,-1,-10,-1,-9,-1,-9,-1,-9,0,-8,0,-7,0,-7,0,-2,0,0,0,0,0,0,0,0,0,0,0,0,0,0,0,0,0,0,-1,-3,-1,-11,-1,-11,-1,-11,-1,-12,0,-12,-1,-12,-1,-13,0,-14,0,-14,1,-14,1,-14,1,-14,1,-14,1,-14,1,-14,1,-14,1,-14,1,-14,1,-13,1,-13,0,-14,0,-13,0,-13,0,-13,0,-13,0,-13"
6.8960959911346436,128,"CSI,261,128,101,81,22,0,-9,-21,-9,-21,-9,-21,-9,-20,-9,-19,-9,-19,-10,-19,-11,-19,-11,-19,-11,-19,-11,-18,-11,-18,-11,-17,-11,-17,-10,-16,-9,-17,-9,-17,-8,-17,-8,-16,-7,-15,-7,-14,-6,-13,-6,-13,-5,-12,-5,-12,-2,-3,0,0,0,0,0,0,0,0,0,0,0,0,0,0,0,0,0,0,-3,-4,-10,-16,-10,-17,-10,-18,-10,-19,-10,-20,-10,-21,-10,-22,-10,-22,-9,-23,-9,-23,-9,-24,-8,-24,-8,-25,-8,-24,-8,-24,-8,-24,-8,-24,-8,-24,-8,-23,-8,-22,-8,-22,-9,-23,-9,-23,-9,-22,-9,-22,-10,-23"
6.940767049789429,129,"CSI,169,128,-117,-78,40,0,-15,-14,-15,-14,-15,-14,-15,-13,-15,-12,-14,-12,-15,-12,-15,-12,-15,-12,-15,-12,-15,-12,-14,-11,-14,-11,-14,-10,-14,-10,-13,-10,-13,-11,-12,-11,-12,-11,-11,-10,-10,-9,-10,-9,-9,-9,-9,-9,-8,-9,-2,-3,0,0,0,0,0,0,0,0,0,0,0,0,0,0,0,0,0,0,-4,-3,-15,-10,-15,-10,-15,-11,-15,-12,-16,-13,-16,-14,-16,-15,-16,-15,-16,-16,-15,-16,-15,-17,-15,-18,-15,-18,-15,-18,-15,-17,-15,-17,-15,-17,-15,-17,-15,-16,-15,-16,-15,-15,-15,-16,-15,-16,-15,-16,-16,-16,-16,-16"
6.999022722244263,130,"CSI,262,128,101,81,22,0,11,6,11,6,11,6,11,5,11,5,11,4,11,4,11,4,11,4,10,4,10,4,10,4,10,3,10,3,10,3,10,3,9,3,9,3,9,3,8,3,8,3,7,3,7,2,7,3,6,3,1,0,0,0,0,0,0,0,0,0,0,0,0,0,0,0,0,0,0,0,2,1,9,5,9,5,10,6,10,6,10,7,10,7,11,8,11,8,11,8,11,8,11,9,11,9,11,9,10,9,10,9,11,9,11,9,11,9,11,8,11,8,11,7,11,7,11,8,11,7,11,7,11,7"
7.115124940872192,131,"CSI,263,128,101,81,22,0,-19,7,-18,7,-18,7,-18,8,-18,8,-17,8,-17,8,-16,8,-16,8,-15,8,-15,9,-15,9,-15,9,-15,8,-15,8,-15,8,-14,7,-14,6,-13,6,-13,6,-13,5,-12,5,-12,5,-12,4,-11,3,-3,0,0,0,0,0,0,0,0,0,0,0,0,0,0,0,0,0,0,0,-4,2,-15,8,-16,8,-16,8,-17,8,-18,8,-19,8,-19,8,-20,8,-21,7,-21,7,-21,7,-21,6,-21,6,-21,6,-21,6,-21,6,-21,6,-21,6,-21,7,-21,7,-21,7,-20,7,-20,7,-20,7,-20,7,-21,8"
7.224784851074219,132,"CSI,264,128,101,81,22,0,-1,20,-1,20,0,20,0,19,0,19,0,19,1,19,2,19,2,18,2,19,2,18,2,18,2,18,2,17,1,17,1,17,1,17,1,16,0,15,0,14,-1,13,-1,13,-1,12,-1,12,-1,11,-1,2,0,0,0,0,0,0,0,0,0,0,0,0,0,0,0,0,0,0,0,4,3,16,2,17,2,18,2,19,1,19,1,20,1,21,0,22,-1,22,-2,22,-2,23,-2,23,-2,23,-2,23,-2,23,-2,22,-2,22,-2,22,-2,22,-2,22,-2,21,-1,22,-1,22,-1,21,-1,22,0,22"
7.25464391708374,133,"CSI,3529,128,83,49,21,0,27,0,29,-1,31,-2,33,-5,28,-5,22,6,14,6,4,-7,5,-5,10,4,8,3,4,-3,4,-9,3,-9,-1,-8,-3,-9,-3,-10,-1,-12,-1,-16,-1,-18,-1,-17,0,-17,2,-17,2,-12,2,-7,0,-2,0,0,0,0,0,0,0,0,0,0,0,0,0,0,0,0,0,0,-1,0,-4,1,-3,3,-3,5,-2,4,-1,3,-3,5,-3,6,-2,7,1,11,4,14,6,16,7,20,6,22,1,23,-2,23,0,21,1,18,-2,16,-5,15,-4,14,0,10,0,8,3,9,9,5,12,1,16,4"
7.3443238735198975,134,"CSI,265,128,101,81,22,0,12,19,13,19,13,19,13,18,13,17,13,17,14,16,14,16,14,16,14,16,14,16,13,15,13,15,14,14,13,14,12,14,12,15,11,14,11,14,10,13,9,12,9,12,8,11,7,11,7,11,1,2,0,0,0,0,0,0,0,0,0,0,0,0,0,0,0,0,0,0,3,3,13,14,12,15,12,16,12,16,13,17,13,19,13,20,13,21,13,21,12,21,12,22,12,23,12,23,12,23,12,23,12,23,12,22,12,22,12,21,12,21,12,21,13,21,13,21,13,21,13,21,14,21"
7.377099990844727,135,"CSI,3533,128,83,49,21,0,-21,17,-21,18,-23,19,-24,17,-24,12,-22,9,-20,10,-21,12,-19,11,-12,7,-8,6,-5,7,-1,4,2,4,4,8,6,10,7,10,7,10,7,13,6,15,7,14,6,13,5,14,4,12,2,11,0,2,0,0,0,0,0,0,0,0,0,0,0,0,0,0,0,0,0,0,0,-2,2,-5,1,-4,0,-4,-2,-4,-4,-5,-3,-4,-4,-3,-6,-4,-7,-6,-10,-9,-15,-10,-17,-10,-17,-12,-17,-14,-19,-14,-18,-14,-15,-16,-14,-15,-14,-12,-14,-11,-12,-9,-11,-5,-11,-1,-13,3,-14,8,-14,9"
7.409517765045166,136,"CSI,2957,128,75,-79,20,0,10,0,9,-3,9,-6,9,-6,8,-6,8,-7,9,-3,9,3,7,2,6,-2,3,-3,-2,-4,-3,-4,-2,-3,-4,0,-7,1,-8,1,-8,1,-7,2,-8,2,-9,0,-6,1,-5,2,-4,1,-4,0,-1,0,0,0,0,0,0,0,0,0,0,0,0,0,0,0,0,0,0,0,0,-3,1,-9,2,-8,1,-6,-1,-5,-2,-4,-3,-6,-3,-5,-2,-1,-1,1,-1,1,-2,0,-3,2,-4,5,-5,5,-5,6,-7,7,-9,9,-8,12,-8,11,-7,6,-5,4,-3,6,-2,5,0,3,3,2,7,0"
7.44282603263855,137,"CSI,3147,128,75,-79,20,0,14,-24,19,-25,19,-25,18,-23,19,-21,19,-17,16,-17,10,-21,5,-18,4,-12,4,-8,1,-8,-1,-10,-3,-9,-7,-8,-10,-9,-11,-11,-13,-11,-14,-11,-13,-10,-10,-10,-10,-12,-10,-13,-8,-13,-6,-12,-2,-3,0,0,0,0,0,0,0,0,0,0,0,0,0,0,0,0,0,0,0,0,0,3,-1,3,-1,1,1,-1,3,-1,3,0,4,0,8,-1,11,-1,13,2,15,4,16,4,17,5,18,8,19,10,19,9,17,10,14,10,12,8,10,7,8,5,9,1,11,-4,12,-7,10,-9,6,-11"
7.47334885597229,138,"CSI,3536,128,83,49,21,0,22,9,25,11,26,13,25,13,24,13,21,11,19,10,22,12,19,9,11,5,6,3,6,0,6,-2,5,-5,6,-7,7,-10,7,-13,8,-14,9,-13,11,-11,12,-11,12,-10,12,-8,12,-6,11,-4,2,-1,0,0,0,0,0,0,0,0,0,0,0,0,0,0,0,0,0,0,-2,0,-6,1,-6,1,-5,1,-3,0,-2,2,-1,4,1,6,3,8,4,11,3,11,1,13,2,16,3,17,0,19,-1,21,-1,20,-3,17,-3,16,-2,14,-1,12,0,10,1,9,4,11,9,12,12,10,14,10"
7.5066916942596436,139,"CSI,266,128,101,81,22,0,3,-23,2,-23,2,-22,2,-22,2,-22,1,-21,0,-21,-1,-21,-1,-21,-1,-22,-1,-21,-1,-21,-1,-21,-1,-20,0,-20,0,-19,0,-19,0,-19,0,-18,1,-17,1,-16,1,-15,1,-14,2,-14,2,-14,0,-4,0,0,0,0,0,0,0,0,0,0,0,0,0,0,0,0,0,0,-1,-5,-1,-18,0,-19,0,-20,1,-20,1,-21,1,-22,2,-23,3,-23,4,-24,4,-24,5,-24,5,-25,5,-25,5,-24,5,-24,5,-24,4,-24,4,-24,5,-23,5,-23,4,-23,3,-24,3,-24,3,-23,3,-24,2,-24"
7.540042877197266,140,"CSI,3148,128,75,-79,20,0,-25,-9,-26,-10,-26,-10,-27,-11,-26,-11,-22,-12,-20,-14,-23,-17,-20,-13,-14,-5,-11,1,-10,4,-7,4,-4,6,-2,9,-1,12,-1,13,-1,15,-2,15,-3,15,-3,15,-4,13,-5,10,-5,9,-6,10,-2,2,0,0,0,0,0,0,0,0,0,0,0,0,0,0,0,0,0,0,0,0,2,3,1,4,0,3,-2,0,-2,-2,-3,-4,-4,-6,1,-8,4,-8,2,-10,2,-16,6,-20,12,-18,13,-16,9,-18,7,-20,7,-21,6,-20,6,-16,4,-12,0,-9,-2,-10,-4,-11,-7,-11,-9,-9,-11,-7"
7.575389862060547,141,"CSI,267,128,101,81,22,0,-18,17,-18,17,-18,17,-18,17,-17,17,-17,17,-16,17,-15,17,-15,17,-14,17,-14,17,-14,17,-14,17,-14,16,-15,16,-15,16,-14,15,-13,14,-13,13,-14,12,-13,12,-13,11,-13,10,-12,9,-12,9,-3,2,0,0,0,0,0,0,0,0,0,0,0,0,0,0,0,0,0,0,-3,4,-12,16,-13,16,-14,16,-15,17,-16,17,-16,17,-17,18,-18,18,-19,18,-20,18,-20,18,-20,18,-20,17,-21,17,-21,17,-21,16,-21,17,-20,17,-21,17,-21,17,-20,17,-19,17,-19,17,-19,17,-20,17,-20,18"
7.6820127964019775,142,"CSI,268,128,101,81,22,0,-9,-24,-9,-24,-9,-24,-9,-23,-9,-22,-9,-22,-10,-22,-10,-22,-11,-21,-11,-21,-11,-21,-11,-21,-11,-20,-11,-19,-11,-19,-10,-19,-9,-19,-9,-19,-8,-18,-7,-17,-7,-16,-7,-16,-6,-15,-6,-14,-5,-14,-2,-4,0,0,0,0,0,0,0,0,0,0,0,0,0,0,0,0,0,0,-3,-5,-9,-18,-8,-19,-8,-20,-8,-21,-8,-22,-8,-23,-8,-25,-8,-25,-7,-25,-7,-26,-6,-27,-6,-27,-6,-27,-6,-27,-6,-27,-6,-27,-7,-27,-7,-26,-7,-25,-7,-25,-7,-25,-8,-25,-8,-26,-8,-25,-8,-25,-8,-26"
7.78823184967041,143,"CSI,269,128,101,81,22,0,-9,8,-9,8,-9,7,-9,8,-9,8,-8,8,-8,8,-7,8,-7,8,-7,8,-7,8,-7,8,-7,8,-7,8,-7,8,-7,8,-6,7,-6,7,-6,6,-6,6,-6,6,-6,5,-6,5,-6,5,-6,4,-2,1,0,0,0,0,0,0,0,0,0,0,0,0,0,0,0,0,0,0,-2,1,-8,6,-8,6,-8,6,-9,7,-9,7,-10,7,-10,7,-10,7,-11,7,-11,7,-11,7,-11,7,-11,7,-11,7,-11,7,-11,7,-11,7,-11,7,-11,7,-11,7,-11,7,-10,7,-10,7,-10,7,-10,7,-10,7"
8.450567960739136,144,"CSI,3621,128,83,49,21,0,-11,10,-11,9,-12,8,-13,8,-12,9,-11,7,-7,3,-1,-1,-2,-2,-6,-1,-9,2,-7,4,-3,4,-1,3,1,3,3,2,4,2,5,4,5,7,1,9,1,9,1,8,0,7,-2,5,-2,2,-1,0,0,0,0,0,0,0,0,0,0,0,0,0,0,0,0,0,0,0,-1,-1,-1,-2,-2,-5,-3,-6,-4,-5,-3,-4,-2,-4,-3,-1,-4,-1,-4,-2,-5,-1,-5,0,-5,-1,-7,0,-9,-1,-9,-2,-11,-3,-15,-4,-16,-5,-14,-5,-11,-4,-9,-3,-8,-3,-8,1,-9,6,-8,7,-10,5"
8.583366870880127,145,"CSI,3581,128,83,49,21,0,25,-9,24,-9,25,-6,27,-3,27,1,23,5,12,-2,1,-12,2,-6,10,-1,11,-3,7,-4,3,-7,2,-12,4,-15,3,-15,3,-13,6,-14,7,-17,6,-16,5,-12,6,-12,8,-14,9,-12,10,-7,2,-2,0,0,0,0,0,0,0,0,0,0,0,0,0,0,0,0,0,0,-2,0,-5,1,-2,2,0,1,-1,-2,0,-1,3,4,5,4,7,1,9,2,12,3,13,4,11,8,11,12,13,14,12,18,9,21,8,19,6,16,6,15,7,10,4,6,5,6,10,6,11,1,13,-3,17,-3"
8.854562759399414,146,"CSI,3149,128,77,-47,20,0,-20,-19,-21,-19,-21,-18,-21,-20,-20,-21,-15,-20,-14,-16,-18,-11,-17,-10,-12,-10,-8,-8,-6,-6,-7,-2,-9,3,-9,7,-9,9,-9,10,-10,11,-11,11,-12,11,-13,9,-15,7,-14,5,-13,3,-12,1,-3,0,0,0,0,0,0,0,0,0,0,0,0,0,0,0,0,0,0,0,0,1,1,2,1,0,0,-1,-1,-2,-2,-4,0,-5,3,-7,3,-10,4,-12,6,-13,5,-14,5,-16,7,-16,11,-15,13,-15,12,-15,11,-12,10,-11,8,-12,7,-12,7,-14,6,-14,1,-12,-5,-9,-10,-10,-13,-12"
8.887833833694458,147,"CSI,3150,128,77,-47,20,0,-10,23,-11,23,-9,22,-8,22,-10,23,-11,22,-11,18,-14,14,-13,13,-8,13,-5,12,-2,10,2,8,4,4,7,1,12,0,14,2,14,3,15,3,15,4,13,5,13,6,13,7,11,7,8,6,1,1,0,0,0,0,0,0,0,0,0,0,0,0,0,0,0,0,0,0,0,-1,2,-2,1,-2,0,-2,-3,-1,-5,1,-6,1,-7,0,-9,-2,-11,-3,-13,-4,-16,-5,-18,-6,-17,-8,-17,-12,-17,-12,-16,-11,-15,-10,-14,-9,-12,-9,-13,-8,-12,-6,-9,-3,-9,-2,-11,2,-13,9,-13,11"
8.916451692581177,148,"CSI,3593,128,83,49,21,0,21,7,22,6,23,6,23,8,23,11,21,11,19,13,18,15,17,11,15,3,12,-1,7,-3,3,-5,2,-8,3,-11,2,-12,2,-13,3,-15,6,-15,7,-16,7,-16,7,-16,9,-14,9,-10,7,-7,1,-2,0,0,0,0,0,0,0,0,0,0,0,0,0,0,0,0,0,0,-2,0,-5,-1,-3,-2,-2,-2,-1,0,0,4,0,7,-1,8,0,9,2,10,2,12,0,14,-2,16,-2,16,-1,17,-1,18,-1,19,-1,17,-2,15,-4,16,-3,14,-1,11,1,9,3,8,6,8,11,7,14,6"
8.967062950134277,149,"CSI,3641,128,83,49,21,0,-13,-2,-14,-2,-15,-2,-15,-3,-15,-3,-14,-2,-10,-3,-4,-5,-6,-7,-9,-6,-8,-2,-3,2,0,3,0,4,-1,6,-2,6,-3,6,-3,6,-3,7,-5,9,-4,7,-3,4,-4,4,-4,5,-4,3,-1,0,0,0,0,0,0,0,0,0,0,0,0,0,0,0,0,0,0,0,0,-1,3,-1,3,-2,4,-3,6,-3,7,-2,3,0,-1,-1,-2,-2,-1,-3,0,-5,-1,-7,-5,-8,-4,-8,0,-8,1,-10,1,-13,-1,-12,-2,-10,-3,-11,-2,-10,-1,-7,1,-5,0,-4,-3,-4,-4,-4,-5,-5"
8.997604846954346,150,"CSI,3596,128,83,49,21,0,-13,19,-15,20,-17,21,-19,19,-19,16,-18,16,-15,15,-10,15,-9,14,-10,11,-9,9,-7,8,-4,8,0,8,2,9,4,8,6,8,8,10,9,13,8,13,7,14,6,15,4,14,4,13,4,13,1,3,0,0,0,0,0,0,0,0,0,0,0,0,0,0,0,0,0,0,0,-1,1,-4,0,-5,-1,-3,-2,0,-4,0,-5,-1,-7,0,-9,1,-12,2,-13,1,-14,-1,-17,-2,-18,-2,-17,-4,-16,-7,-17,-8,-17,-7,-16,-6,-15,-6,-13,-6,-9,-4,-10,-3,-10,-1,-8,3,-8,8,-7,10"
10.120130777359009,151,"CSI,3641,128,83,49,21,0,21,3,23,4,27,1,26,1,22,2,21,0,18,0,6,5,5,7,11,5,10,3,7,1,4,-3,-1,-8,-5,-12,-6,-14,-5,-15,-4,-17,-3,-19,-2,-17,-5,-17,-7,-19,-5,-20,-3,-17,-3,-13,-1,-3,0,0,0,0,0,0,0,0,0,0,0,0,0,0,0,0,0,0,-1,0,0,1,0,-1,-3,1,-4,3,-3,3,-1,4,0,6,-1,9,-1,9,-2,10,-5,14,-7,15,-10,15,-9,19,-7,21,-8,16,-6,15,-6,14,-7,11,-6,11,-3,10,-2,7,1,7,5,9,9,7,10,2"
10.703531980514526,152,"CSI,3709,128,83,49,21,0,-7,11,-9,11,-9,10,-8,11,-8,12,-7,10,-5,4,-3,-1,-3,1,-4,4,-3,4,-2,6,1,4,2,2,3,2,5,1,6,0,5,1,7,3,8,3,6,3,4,2,4,2,4,2,4,2,1,0,0,0,0,0,0,0,0,0,0,0,0,0,0,0,0,0,0,0,-1,-1,-1,-3,1,-3,0,-2,0,-3,2,-4,1,-3,0,-2,-2,-2,-5,-2,-5,-1,-6,0,-10,1,-11,0,-8,-4,-8,-7,-12,-8,-11,-7,-9,-6,-10,-6,-11,-5,-8,-4,-6,-3,-6,-1,-5,2,-3,4,-1,4"
10.836694955825806,153,"CSI,3669,128,83,49,21,0,26,-8,28,-6,26,-4,22,-7,21,-10,23,-5,30,-2,34,-6,25,-5,15,-3,12,-3,11,-2,8,-3,4,-6,0,-9,1,-12,2,-14,1,-15,0,-15,2,-16,7,-17,10,-18,8,-15,5,-11,3,-8,0,-2,0,0,0,0,0,0,0,0,0,0,0,0,0,0,0,0,0,0,-1,0,-4,1,-4,1,-5,2,-3,2,1,0,5,-2,7,-5,5,-4,6,1,13,7,17,13,14,14,12,12,14,11,13,12,13,10,13,9,12,11,12,9,11,7,10,8,11,8,14,5,16,2,14,1,12,0"
11.556217908859253,154,"CSI,3696,128,83,49,21,0,23,-6,20,-7,19,-7,17,-11,21,-18,26,-21,24,-22,25,-20,23,-13,13,-8,9,-10,7,-8,0,-3,-7,0,-9,-2,-8,-1,-11,-1,-13,-1,-14,0,-18,2,-19,2,-17,2,-13,0,-11,0,-10,2,-3,0,0,0,0,0,0,0,0,0,0,0,0,0,0,0,0,0,0,0,0,-2,0,-4,-1,-3,-2,-1,-3,-2,-5,-2,-7,0,-6,4,-6,7,-9,10,-12,12,-14,14,-14,14,-12,13,-12,14,-14,18,-13,19,-11,17,-10,13,-9,10,-4,11,2,13,3,15,3,12,4,4,10,-1,16,-2"
11.964215755462646,155,"CSI,3712,128,83,49,21,0,-9,22,-9,23,-6,23,-5,24,-6,21,-6,19,-5,13,-9,1,-10,5,-6,15,-3,15,-2,16,-2,15,3,7,10,1,14,1,14,1,12,0,11,-1,14,0,14,4,12,8,10,10,7,10,5,11,1,2,0,0,0,0,0,0,0,0,0,0,0,0,0,0,0,0,0,0,-1,-2,-2,-5,-3,-4,-1,-3,-1,-1,-4,-1,-6,0,-4,0,-5,2,-7,6,-9,7,-13,3,-19,-1,-21,-3,-19,-6,-17,-7,-16,-6,-20,-4,-23,-5,-21,-5,-16,1,-12,4,-9,3,-4,4,-2,8,-5,9,-11,10"
12.330096960067749,156,"CSI,3152,128,75,-79,20,0,20,9,21,10,21,9,21,8,22,10,24,11,20,12,12,14,10,15,12,11,12,5,10,1,9,0,7,-1,6,-3,6,-4,9,-8,11,-12,11,-12,11,-10,12,-9,13,-8,12,-5,12,-1,12,1,3,0,0,0,0,0,0,0,0,0,0,0,0,0,0,0,0,0,0,0,-2,0,-4,1,-3,-1,-1,0,1,2,3,3,3,6,0,8,0,9,2,10,4,12,3,15,4,15,3,16,3,18,3,19,1,18,-3,17,-5,20,-4,21,-1,19,0,16,1,14,3,14,5,12,8,10,13,10"
12.598654985427856,157,"CSI,3153,128,75,-79,20,0,-23,6,-25,6,-26,9,-24,9,-24,5,-26,1,-24,3,-19,9,-17,7,-15,0,-11,-1,-9,1,-7,3,-1,4,3,8,5,11,4,13,2,14,1,16,0,16,-1,17,-3,16,-6,13,-7,11,-8,11,-3,3,0,0,0,0,0,0,0,0,0,0,0,0,0,0,0,0,0,0,0,-2,0,-6,0,-5,0,-5,-1,-4,-5,-3,-8,-3,-8,-5,-9,-5,-8,-5,-8,-8,-10,-10,-11,-12,-11,-13,-12,-13,-12,-14,-12,-16,-14,-14,-14,-10,-12,-10,-10,-12,-11,-11,-11,-7,-10,-5,-11,-3,-14,2,-15,5"
12.630944013595581,158,"CSI,3154,128,75,-79,20,0,-23,0,-27,1,-28,3,-27,3,-27,2,-26,0,-23,-2,-18,-6,-15,-8,-15,-5,-13,-1,-11,-1,-9,1,-7,5,-4,9,-3,10,-4,12,-5,15,-5,17,-5,16,-7,14,-8,13,-8,12,-9,10,-12,6,-3,1,0,0,0,0,0,0,0,0,0,0,0,0,0,0,0,0,0,0,1,0,5,1,3,-1,1,-3,-2,-4,-5,-4,-6,-4,-5,-5,-5,-6,-8,-8,-11,-9,-10,-9,-8,-12,-9,-16,-8,-17,-6,-18,-8,-18,-9,-16,-6,-15,-4,-15,-6,-13,-7,-13,-6,-12,-7,-10,-11,-8,-13,-6,-12,-2"
12.67822003364563,159,"CSI,3740,128,83,49,21,0,27,-6,30,-4,28,1,29,4,29,5,26,9,29,6,28,-5,21,-6,12,3,5,8,3,9,4,6,3,-2,5,-5,9,-2,12,-1,13,-2,18,1,20,3,16,4,12,7,10,9,8,9,7,8,1,1,0,0,0,0,0,0,0,0,0,0,0,0,0,0,0,0,0,0,0,-1,2,-1,2,-1,4,-3,3,-5,2,-2,4,-1,4,-3,3,-5,6,-6,8,-4,9,-4,15,-5,19,-5,19,-4,18,-3,17,0,16,6,15,8,14,2,12,0,10,5,10,7,10,4,10,-3,10,-11,9,-14"
12.988044023513794,160,"CSI,3752,128,83,49,21,0,15,-19,17,-22,20,-20,24,-20,23,-22,20,-15,24,-10,25,-12,15,-14,8,-15,6,-10,1,-7,-3,-9,0,-10,0,-10,-4,-9,-7,-9,-9,-14,-9,-16,-7,-15,-5,-17,-2,-18,1,-17,0,-13,-2,-8,-1,-2,0,0,0,0,0,0,0,0,0,0,0,0,0,0,0,0,0,0,-1,0,-1,1,0,1,3,1,3,2,3,3,5,2,6,2,7,1,9,1,15,4,18,7,17,9,16,8,16,7,16,9,17,12,16,11,16,8,16,7,16,8,13,8,11,4,12,-1,13,-5,14,-9,17,-11"
13.192906856536865,161,"CSI,3761,128,83,49,21,0,12,20,12,18,12,20,11,23,10,22,10,21,16,29,18,42,15,32,13,11,12,6,11,6,8,3,6,0,6,-3,7,-5,10,-8,13,-10,11,-10,10,-10,11,-10,11,-10,11,-9,14,-7,14,-6,3,-2,0,0,0,0,0,0,0,0,0,0,0,0,0,0,0,0,0,0,-1,-2,-4,-6,-2,-5,2,-3,1,-1,-2,1,-3,2,-5,3,-7,4,-7,3,-6,5,-6,9,-10,9,-15,9,-17,12,-17,11,-18,7,-19,5,-18,4,-16,5,-14,8,-10,9,-6,7,-3,9,1,15,7,16,9,14"
13.294656038284302,162,"CSI,3764,128,83,49,21,0,1,24,2,25,7,21,8,18,10,20,9,23,-5,17,-14,6,-7,9,1,14,6,11,8,7,5,1,2,-2,3,-3,7,-7,11,-12,11,-15,11,-15,10,-12,10,-9,13,-9,12,-7,10,-6,10,-6,2,-2,0,0,0,0,0,0,0,0,0,0,0,0,0,0,0,0,0,0,0,-1,1,0,1,3,1,2,0,-1,-1,-2,-1,2,-4,3,-8,2,-10,1,-11,3,-15,1,-21,-4,-25,-4,-23,-2,-18,-1,-19,-2,-23,-3,-21,1,-16,2,-12,1,-9,2,-7,4,-8,5,-9,9,-3,16,4,20"
13.442069053649902,163,"CSI,3155,128,77,-47,20,0,-3,-26,-2,-28,-5,-29,-7,-27,-3,-26,-2,-25,1,-22,7,-18,7,-17,2,-15,-2,-12,-3,-9,-3,-6,-5,-4,-7,-2,-11,-2,-13,0,-14,2,-15,1,-17,-2,-17,-3,-16,-4,-14,-6,-11,-6,-10,-7,-3,-2,0,0,0,0,0,0,0,0,0,0,0,0,0,0,0,0,0,0,0,0,2,1,2,4,2,4,4,1,5,-2,5,-3,5,-5,8,-8,8,-8,8,-9,12,-10,13,-10,13,-11,16,-11,18,-9,19,-8,17,-8,15,-7,16,-7,17,-7,15,-8,9,-9,4,-7,0,-8,-3,-11,-8,-13"
13.602016925811768,164,"CSI,3777,128,83,49,21,0,-23,5,-25,9,-27,8,-28,4,-29,3,-26,1,-18,-8,-11,-12,-9,-6,-11,0,-13,2,-10,4,-5,8,0,9,3,10,4,13,5,12,7,11,6,12,5,12,5,11,6,12,5,13,3,13,2,12,0,3,0,0,0,0,0,0,0,0,0,0,0,0,0,0,0,0,0,0,0,-1,2,0,3,1,1,-1,-1,-5,0,-5,3,-5,4,-7,3,-9,2,-9,2,-11,3,-16,2,-19,3,-19,3,-19,0,-20,-2,-20,0,-17,2,-16,3,-16,2,-15,0,-13,-2,-11,-4,-10,-8,-8,-12,-2,-18,5"
13.707106828689575,165,"CSI,3781,128,83,49,21,0,-21,13,-24,6,-21,8,-25,10,-35,6,-34,5,-28,0,-29,-7,-30,-3,-21,2,-13,7,-11,11,-7,8,-2,7,1,8,4,10,6,12,8,14,10,12,8,13,4,15,4,15,7,13,5,12,1,13,0,3,0,0,0,0,0,0,0,0,0,0,0,0,0,0,0,0,0,0,1,-1,4,-4,-1,-5,-6,-6,-7,-9,-7,-9,-7,-7,-8,-6,-11,-5,-11,-6,-9,-9,-11,-14,-13,-16,-13,-16,-13,-16,-13,-15,-12,-16,-11,-20,-10,-19,-12,-15,-14,-12,-12,-9,-9,-5,-8,-3,-9,-2,-17,2,-25,5"
13.800333023071289,166,"CSI,3156,128,77,-47,20,0,20,-4,21,-4,24,-2,24,-1,23,-2,21,-3,16,-4,12,-6,12,-3,12,3,10,4,8,1,5,-3,2,-5,2,-7,1,-11,0,-14,0,-15,-2,-18,-1,-18,3,-16,7,-15,9,-14,8,-13,7,-12,1,-3,0,0,0,0,0,0,0,0,0,0,0,0,0,0,0,0,0,0,-1,0,-4,0,-2,1,0,1,3,1,4,-1,3,1,2,4,5,5,9,6,10,10,10,11,10,11,9,13,9,16,10,17,10,17,7,15,6,15,6,15,6,13,7,9,10,5,12,2,11,1,10,1,13,0"
13.83371376991272,167,"CSI,3785,128,83,49,21,0,-23,3,-26,0,-26,-2,-25,-2,-24,-2,-24,-3,-25,-4,-25,-1,-20,2,-15,0,-13,-3,-11,-3,-7,0,-5,4,-2,8,-1,8,-3,8,-5,11,-5,13,-6,13,-7,13,-8,12,-8,10,-7,9,-7,7,-2,1,0,0,0,0,0,0,0,0,0,0,0,0,0,0,0,0,0,0,1,-1,5,-2,4,-3,1,-4,-3,-2,-6,-1,-6,-2,-5,-3,-5,-3,-9,-6,-11,-8,-10,-10,-10,-14,-12,-17,-11,-18,-10,-17,-7,-18,-6,-19,-5,-19,-5,-17,-7,-13,-8,-9,-6,-7,-8,-6,-9,-4,-13,0,-17,3"
13.90861988067627,168,"CSI,3788,128,83,49,21,0,17,12,19,14,22,14,22,15,21,17,20,15,19,11,22,9,21,8,14,6,9,3,8,1,6,-1,5,-3,5,-5,6,-8,8,-12,9,-14,7,-13,5,-12,7,-13,9,-13,10,-11,10,-8,10,-5,2,-1,0,0,0,0,0,0,0,0,0,0,0,0,0,0,0,0,0,0,-2,-1,-6,-2,-5,-2,-2,1,1,3,1,2,-1,3,-2,7,0,10,1,12,0,14,-3,16,-5,20,-6,21,-6,19,-5,18,-7,20,-10,17,-9,13,-9,14,-9,14,-6,11,-2,9,1,8,3,7,8,9,13,10"
14.586580038070679,169,"CSI,3157,128,75,-79,20,0,25,-2,26,-3,26,-4,26,-5,26,-2,26,1,22,3,14,2,11,1,12,1,8,2,5,0,3,-3,-1,-7,-3,-12,-1,-14,-1,-16,-1,-17,-1,-16,-1,-16,0,-17,3,-17,5,-18,4,-17,2,-15,0,-4,0,0,0,0,0,0,0,0,0,0,0,0,0,0,0,0,0,0,-1,0,-4,0,-4,2,-3,4,-1,4,1,4,2,4,2,6,4,9,6,11,5,13,4,14,5,15,5,15,3,16,2,19,1,20,-2,19,-4,17,-2,15,1,15,4,13,6,9,9,8,12,6,14,2,17,0"
14.830200672149658,170,"CSI,3824,128,83,49,21,0,21,13,22,13,20,14,18,16,16,16,15,16,14,15,14,11,12,10,10,8,6,4,3,1,3,-2,4,-6,7,-9,9,-9,11,-7,11,-7,11,-9,12,-11,13,-9,11,-5,11,-3,13,-3,15,-4,3,-1,0,0,0,0,0,0,0,0,0,0,0,0,0,0,0,0,0,0,-2,0,-4,1,-2,1,-2,0,-4,2,-3,4,0,5,1,5,0,8,-1,11,-2,11,-4,14,-6,17,-7,18,-7,18,-5,17,-4,18,-3,19,-5,17,-5,14,-7,12,-9,12,-6,12,0,10,4,6,6,6,9,10"
14.869525909423828,171,"CSI,3158,128,77,-47,20,0,-22,12,-25,13,-27,13,-28,14,-25,12,-22,10,-20,6,-17,2,-15,2,-14,3,-10,3,-6,4,-4,4,0,6,6,10,10,12,11,11,8,13,7,13,7,12,7,13,6,13,4,13,3,14,3,15,0,4,0,0,0,0,0,0,0,0,0,0,0,0,0,0,0,0,0,0,1,-1,5,-3,3,-3,1,-4,-1,-6,-2,-7,-4,-7,-5,-8,-5,-9,-6,-11,-8,-13,-8,-16,-8,-16,-8,-18,-9,-19,-10,-19,-9,-19,-6,-18,-4,-18,-4,-17,-6,-14,-9,-12,-9,-9,-8,-7,-10,-5,-15,-3,-15,-2"
15.053117990493774,172,"CSI,3160,128,75,-79,20,0,-12,-25,-13,-24,-10,-25,-9,-27,-11,-27,-10,-26,-6,-21,-3,-16,-2,-15,-2,-15,-2,-13,-1,-9,-2,-5,-7,-1,-11,2,-14,4,-15,5,-15,5,-14,2,-15,-1,-15,2,-14,2,-15,-1,-13,-4,-10,-5,-3,-2,0,0,0,0,0,0,0,0,0,0,0,0,0,0,0,0,0,0,1,0,4,2,2,0,1,-1,1,-2,3,-4,4,-5,4,-6,5,-8,5,-10,9,-13,12,-13,13,-12,15,-12,18,-12,20,-12,22,-12,20,-9,15,-7,15,-8,14,-9,10,-11,6,-11,6,-11,5,-13,1,-14,-4,-14"
15.083627939224243,173,"CSI,3161,128,75,-79,20,0,-31,-14,-32,-19,-23,-16,-21,-11,-23,-7,-23,-4,-16,-6,-11,-9,-12,-5,-12,2,-11,3,-9,1,-2,0,3,4,5,8,5,10,5,11,7,7,11,5,16,6,14,7,8,7,5,7,7,8,9,9,2,2,0,0,0,0,0,0,0,0,0,0,0,0,0,0,0,0,0,0,-1,0,-1,2,-2,2,-5,0,-3,0,3,1,5,3,4,7,7,9,9,8,11,4,16,4,18,7,13,9,12,10,17,5,23,3,22,4,15,1,12,-4,12,-7,13,-7,11,-5,7,-6,3,-11,-4,-16,-9,-18"
15.114370822906494,174,"CSI,3162,128,75,-79,20,0,10,-22,13,-32,22,-31,25,-25,19,-24,9,-24,1,-24,-1,-23,-3,-22,-6,-21,-6,-14,-7,-7,-7,-1,-5,4,-3,10,-2,15,-5,16,-7,15,-5,14,-3,13,2,13,7,14,7,16,3,15,1,13,0,3,0,0,0,0,0,0,0,0,0,0,0,0,0,0,0,0,0,0,0,-1,0,-3,0,-7,2,-7,3,-4,-3,-2,-8,-2,-8,-1,-7,0,-11,3,-17,4,-22,1,-21,-3,-14,-1,-9,8,-11,15,-16,21,-19,21,-20,14,-15,8,-5,6,2,6,5,8,9,9,15,10,18,11,19,10"
15.855486869812012,175,"CSI,3865,128,83,49,21,0,21,12,20,13,21,14,21,16,21,18,20,16,16,16,15,20,15,17,12,8,9,4,9,1,10,-1,8,-4,6,-4,9,-5,11,-8,14,-7,17,-5,17,-5,15,-5,14,-4,14,-2,12,0,11,2,2,0,0,0,0,0,0,0,0,0,0,0,0,0,0,0,0,0,0,0,-2,-1,-5,0,-3,2,-2,2,2,1,3,1,3,2,3,6,3,9,4,12,3,16,3,17,4,17,2,17,-2,17,-3,15,-3,15,-3,17,-5,16,-3,14,-1,12,-2,10,-1,9,3,10,8,9,14,7,17,7"
15.888652086257935,176,"CSI,3163,128,77,-47,20,0,21,-13,21,-13,21,-13,22,-13,22,-13,21,-13,23,-12,25,-11,21,-11,14,-9,10,-7,7,-6,4,-7,2,-7,-2,-8,-5,-11,-6,-15,-7,-17,-5,-16,-3,-14,-4,-14,-6,-16,-4,-16,-1,-16,1,-15,0,-4,0,0,0,0,0,0,0,0,0,0,0,0,0,0,0,0,0,0,-2,0,-4,2,-2,0,-1,1,-1,2,0,2,2,4,4,4,6,4,9,7,12,8,13,10,12,11,12,11,12,10,13,13,14,16,10,16,7,14,7,12,7,10,8,7,10,4,11,2,12,0,15,-1,18,-5"
15.91938591003418,177,"CSI,3164,128,77,-47,20,0,16,16,18,18,19,17,19,18,18,19,18,19,17,18,14,18,14,15,14,11,13,8,12,4,10,2,9,0,8,-4,8,-9,10,-12,10,-13,8,-13,7,-16,8,-16,9,-13,11,-11,12,-9,13,-6,3,-2,0,0,0,0,0,0,0,0,0,0,0,0,0,0,0,0,0,0,-1,-1,-3,-2,-3,-2,-4,-2,-3,-1,-1,1,-2,4,-4,6,-4,6,-6,7,-8,12,-10,17,-12,18,-13,18,-12,17,-14,16,-15,15,-14,13,-12,11,-10,11,-8,11,-5,10,-3,10,-3,10,1,9,5,11,5,15"
16.060290813446045,178,"CSI,3873,128,83,49,21,0,16,-22,14,-20,4,-19,-6,-23,-6,-22,-1,-21,8,-23,15,-14,7,-8,-2,-10,-4,-8,-8,-6,-10,-2,-8,0,-6,4,-4,8,-5,9,-5,12,-4,13,-5,13,-4,13,-3,14,-3,14,-3,14,-3,15,-1,4,0,0,0,0,0,0,0,0,0,0,0,0,0,0,0,0,0,0,-1,-1,-2,-1,-3,-1,-3,-2,-2,0,0,1,1,3,0,7,-3,12,-5,14,-3,14,-1,16,-2,18,-4,16,-3,18,-3,20,-1,19,2,19,3,20,4,17,5,13,5,11,6,8,9,3,11,-2,10,-8,9,-14"
16.19709801673889,179,"CSI,3165,128,75,-79,20,0,21,-7,21,-9,22,-8,26,-7,31,-6,31,-4,21,-1,10,1,11,1,15,-1,15,-3,11,-5,7,-5,6,-6,4,-10,1,-13,-1,-14,0,-16,1,-17,2,-17,4,-18,5,-18,5,-17,6,-14,7,-13,2,-4,0,0,0,0,0,0,0,0,0,0,0,0,0,0,0,0,0,0,-1,1,-2,3,0,1,0,3,0,3,2,-1,5,0,7,3,9,7,9,11,9,14,10,15,11,17,9,18,8,17,10,16,8,18,5,16,4,12,6,10,8,8,7,7,6,9,9,9,11,5,11,2,12,1"
16.500069856643677,180,"CSI,3167,128,77,-47,20,0,1,24,0,25,-1,27,0,26,0,23,-2,20,-3,17,-4,13,-3,14,-3,16,-2,13,2,11,4,10,5,7,8,5,13,5,14,4,14,4,15,5,17,5,16,7,12,11,10,11,9,10,6,10,1,2,0,0,0,0,0,0,0,0,0,0,0,0,0,0,0,0,0,0,-2,0,-3,-1,-1,-4,0,-5,-2,-2,-4,2,-4,5,-5,6,-8,7,-9,10,-11,12,-13,10,-14,9,-15,9,-16,9,-17,8,-19,6,-17,5,-15,5,-15,5,-14,5,-11,5,-10,8,-9,11,-7,14,-6,18,-6,22"
16.984652996063232,181,"CSI,3908,128,83,49,21,0,-25,-3,-28,-7,-32,-6,-30,-6,-26,-6,-26,-4,-25,-3,-18,-5,-14,-8,-16,-7,-15,-1,-11,1,-9,2,-8,4,-6,8,-4,12,-4,14,-4,14,-3,15,-5,17,-7,17,-8,16,-10,15,-10,12,-8,9,-2,2,0,0,0,0,0,0,0,0,0,0,0,0,0,0,0,0,0,0,1,-1,4,-1,3,-1,1,-1,-1,-1,-4,-2,-7,-6,-7,-9,-5,-12,-4,-14,-6,-17,-9,-19,-9,-21,-6,-22,-2,-22,-2,-20,-2,-18,0,-18,1,-17,-1,-15,-1,-12,0,-11,-2,-10,-5,-9,-11,-9,-16,-8,-22,-6"
17.086259841918945,182,"CSI,3912,128,83,49,21,0,-28,6,-25,6,-27,6,-32,7,-36,10,-38,10,-30,9,-17,14,-11,11,-13,3,-11,0,-8,0,-7,2,-4,6,-3,8,-4,9,-4,13,-3,14,-4,14,-5,15,-7,14,-9,11,-10,9,-12,7,-15,8,-5,2,0,0,0,0,0,0,0,0,0,0,0,0,0,0,0,0,0,0,1,-2,4,-5,1,0,-1,1,-1,0,-1,-1,-5,-2,-7,-3,-8,-3,-12,-2,-18,-2,-20,-4,-20,-8,-20,-9,-20,-8,-20,-10,-20,-11,-19,-11,-19,-10,-18,-8,-16,-6,-14,-7,-12,-6,-11,-3,-10,0,-10,3,-9,6"
17.14216184616089,183,"CSI,3168,128,77,-47,20,0,-4,27,-5,29,-6,28,-4,25,-5,24,-5,22,-4,21,-7,23,-5,21,0,15,0,10,2,9,5,8,5,8,6,6,10,1,13,2,15,4,15,4,15,3,16,4,15,5,13,6,10,6,8,4,2,1,0,0,0,0,0,0,0,0,0,0,0,0,0,0,0,0,0,0,0,-1,0,-4,-1,-5,-3,-4,-4,-1,-5,1,-7,2,-9,4,-10,5,-11,6,-14,8,-18,7,-20,5,-19,3,-20,1,-22,1,-19,-1,-19,-2,-20,1,-18,4,-15,3,-13,2,-10,2,-6,6,-5,11,-4,15,-5,23"
17.17294478416443,184,"CSI,3169,128,77,-47,20,0,18,20,18,20,19,19,18,18,18,18,18,17,15,15,11,13,10,12,11,9,10,6,10,2,11,-2,10,-4,10,-8,10,-11,10,-11,9,-9,9,-10,10,-11,11,-12,11,-12,12,-11,13,-8,12,-5,2,-1,0,0,0,0,0,0,0,0,0,0,0,0,0,0,0,0,0,0,-1,-2,-4,-7,-3,-4,-1,0,-2,3,-3,2,-2,3,-2,7,-3,8,-2,9,-3,13,-7,17,-11,18,-12,17,-13,17,-13,16,-14,16,-14,16,-13,15,-11,14,-10,13,-7,12,-5,10,-4,8,-1,7,6,10,12,13"
17.20476794242859,185,"CSI,3917,128,83,49,21,0,18,-18,20,-18,19,-17,18,-17,19,-18,20,-16,17,-13,12,-11,12,-10,12,-8,8,-7,6,-8,2,-8,-1,-9,-3,-10,-4,-12,-5,-14,-6,-14,-7,-12,-7,-14,-7,-16,-5,-15,-3,-15,-1,-15,0,-13,0,-3,0,0,0,0,0,0,0,0,0,0,0,0,0,0,0,0,0,0,-2,1,-4,4,-1,1,0,2,2,2,4,-1,6,0,9,2,12,0,13,-1,15,1,17,3,18,5,17,7,15,8,14,8,17,9,19,9,16,9,15,8,15,6,11,5,10,1,13,-2,14,-4,12,-7,11,-9"
17.29193687438965,186,"CSI,3921,128,83,49,21,0,-25,-3,-24,-5,-25,-6,-26,-4,-27,-3,-25,-5,-21,-5,-17,-3,-14,-4,-12,-5,-11,-5,-11,-3,-9,3,-5,8,-4,8,-5,9,-5,11,-6,12,-8,12,-9,14,-9,14,-12,13,-12,11,-11,10,-11,10,-3,2,0,0,0,0,0,0,0,0,0,0,0,0,0,0,0,0,0,0,2,-2,7,-4,5,-1,3,1,1,-3,-2,-7,-5,-8,-5,-9,-5,-12,-6,-13,-6,-13,-8,-16,-6,-18,-4,-20,-3,-23,-2,-23,-2,-22,0,-21,0,-21,-3,-20,-3,-17,-3,-13,-3,-7,-6,-4,-11,-4,-13,-3,-13,-2"
18.343686819076538,187,"CSI,3170,128,75,-79,20,0,-15,-17,-18,-21,-19,-24,-17,-23,-14,-23,-14,-23,-12,-19,-6,-15,-2,-15,-3,-14,-5,-12,-4,-10,-5,-5,-9,-2,-13,-2,-15,0,-14,0,-16,-1,-18,-1,-18,-1,-16,-1,-17,-2,-18,-4,-15,-6,-13,-7,-3,-2,0,0,0,0,0,0,0,0,0,0,0,0,0,0,0,0,0,0,1,0,4,0,3,-2,2,-3,1,-4,-2,-5,-3,-7,-3,-10,-2,-11,1,-12,3,-15,3,-18,1,-19,0,-21,1,-21,5,-19,9,-19,7,-18,6,-16,6,-14,5,-12,2,-13,0,-13,-3,-13,-6,-16,-8,-13,-8,-5"
18.37704300880432,188,"CSI,3172,128,77,-47,20,0,-25,7,-24,10,-24,14,-26,12,-26,7,-24,7,-22,7,-19,3,-18,1,-17,2,-12,1,-8,3,-3,7,0,10,2,11,4,13,3,15,2,14,2,13,2,14,3,16,2,16,0,15,-1,14,-3,13,-1,3,0,0,0,0,0,0,0,0,0,0,0,0,0,0,0,0,0,0,0,-1,3,-3,1,-3,-2,-4,-5,-4,-7,-4,-6,-4,-6,-5,-9,-7,-12,-10,-11,-12,-11,-14,-12,-15,-14,-14,-14,-15,-14,-18,-12,-17,-9,-16,-8,-15,-9,-13,-11,-10,-10,-8,-11,-6,-12,-6,-14,-5,-16,0,-19,4"
18.410327911376953,189,"CSI,3173,128,75,-79,20,0,15,-21,15,-22,13,-22,14,-21,16,-22,16,-22,15,-15,17,-8,17,-8,12,-9,6,-8,3,-8,1,-8,-1,-8,-4,-10,-6,-12,-7,-12,-7,-13,-7,-15,-6,-15,-5,-15,-2,-15,0,-15,-1,-14,0,-12,0,-3,0,0,0,0,0,0,0,0,0,0,0,0,0,0,0,0,0,0,0,0,1,1,0,2,0,2,2,0,4,-4,6,-8,9,-8,11,-5,14,-4,15,-4,16,-3,17,0,19,1,19,1,19,2,19,4,17,5,16,5,17,4,16,2,15,-1,13,-3,11,-5,11,-9,13,-12,14,-16"
18.4442138671875,190,"CSI,3965,128,83,49,21,0,-26,5,-27,5,-27,5,-27,7,-26,6,-24,2,-23,1,-24,4,-19,4,-13,0,-11,-2,-10,-1,-6,3,-6,6,-7,9,-5,11,-4,13,-6,15,-8,14,-9,13,-11,12,-12,12,-11,11,-11,10,-12,9,-3,2,0,0,0,0,0,0,0,0,0,0,0,0,0,0,0,0,0,0,0,-1,0,-3,-2,-3,-3,-3,-5,-2,-5,-1,-4,-2,-5,-4,-9,-5,-13,-7,-15,-8,-16,-9,-15,-10,-14,-11,-14,-12,-15,-14,-14,-18,-11,-18,-9,-17,-9,-15,-11,-12,-10,-9,-10,-7,-12,-5,-13,-2,-15,-1,-18,0"
18.515896797180176,191,"CSI,3969,128,83,49,21,0,18,20,17,20,15,19,13,19,11,19,12,21,16,20,16,16,12,12,10,9,8,6,6,6,7,4,9,0,11,-1,12,0,12,-3,13,-3,15,-2,15,0,16,2,17,5,16,5,14,4,12,4,3,1,0,0,0,0,0,0,0,0,0,0,0,0,0,0,0,0,0,0,-1,0,-3,1,-2,2,0,3,2,1,4,1,6,5,7,6,7,9,6,14,3,16,-1,17,-1,19,-2,20,-3,19,-3,19,-4,20,-6,18,-7,16,-6,17,-4,17,-3,12,-1,9,2,11,7,13,13,13,16,13"
18.730495929718018,192,"CSI,3174,128,75,-79,20,0,-25,-15,-28,-15,-26,-14,-23,-15,-23,-15,-22,-14,-20,-12,-21,-8,-16,-8,-11,-10,-8,-8,-7,-7,-7,-5,-8,-1,-11,4,-12,7,-11,8,-10,8,-12,5,-15,4,-17,3,-14,2,-14,1,-16,0,-12,-1,-3,-1,0,0,0,0,0,0,0,0,0,0,0,0,0,0,0,0,0,0,1,0,6,0,4,-1,2,-1,-2,0,-6,-3,-8,-5,-9,-7,-9,-11,-8,-13,-7,-14,-8,-18,-8,-18,-6,-19,-4,-22,-3,-23,-2,-21,-3,-20,-2,-17,0,-16,-2,-15,-6,-14,-6,-11,-6,-10,-11,-10,-16,-10,-18,-11"
18.828535795211792,193,"CSI,3981,128,83,49,21,0,-12,22,-13,22,-15,21,-15,22,-14,22,-13,19,-12,17,-12,16,-12,14,-10,13,-7,12,-4,10,-2,10,0,11,2,11,5,10,8,11,10,11,10,12,8,14,5,14,3,15,1,16,-2,14,-4,11,-1,2,0,0,0,0,0,0,0,0,0,0,0,0,0,0,0,0,0,0,-1,-2,-4,-4,-4,-2,-4,-1,-2,1,-1,4,-1,6,-3,7,-8,6,-13,6,-16,6,-19,8,-19,9,-19,7,-20,5,-22,3,-22,2,-18,3,-16,4,-17,3,-16,3,-14,7,-13,9,-14,10,-15,12,-14,17,-16,21"
18.949947834014893,194,"CSI,3175,128,75,-79,20,0,23,-10,22,-10,23,-10,25,-11,24,-11,22,-10,22,-10,21,-10,17,-9,13,-6,8,-4,4,-4,3,-7,1,-9,-1,-9,-4,-12,-7,-15,-5,-16,-3,-16,-2,-17,-1,-17,-1,-16,-1,-18,2,-18,6,-16,1,-4,0,0,0,0,0,0,0,0,0,0,0,0,0,0,0,0,0,0,-2,1,-6,4,-3,3,0,3,2,4,2,4,4,2,7,1,8,2,10,5,12,8,13,9,14,10,14,10,15,12,13,16,10,18,9,17,7,15,4,12,4,9,7,5,12,3,14,4,17,3,18,-2,19,-5"
20.055622816085815,195,"CSI,4028,128,83,49,21,0,5,-24,7,-23,8,-21,10,-22,13,-25,15,-24,18,-26,16,-31,6,-23,5,-12,6,-10,3,-7,2,-5,1,-9,-1,-12,-1,-12,1,-13,2,-15,3,-16,4,-14,4,-12,5,-12,7,-13,8,-11,8,-5,2,-1,0,0,0,0,0,0,0,0,0,0,0,0,0,0,0,0,0,0,1,-1,4,-2,0,-1,-3,-3,-3,-4,-2,-4,-3,-8,-2,-10,1,-11,2,-13,1,-14,1,-13,5,-13,10,-14,11,-16,13,-19,15,-17,13,-15,10,-13,11,-10,11,-9,10,-7,8,-6,4,-12,2,-17,0,-16,-3,-14"
20.587050914764404,196,"CSI,3177,128,77,-47,20,0,-2,-27,1,-31,1,-32,0,-30,1,-29,2,-29,3,-26,5,-21,4,-18,1,-16,-2,-12,-6,-8,-8,-5,-8,-1,-11,2,-13,3,-13,3,-15,4,-17,4,-18,4,-17,3,-17,2,-16,1,-14,0,-13,-1,-3,-1,0,0,0,0,0,0,0,0,0,0,0,0,0,0,0,0,0,0,-1,0,-3,0,-2,-1,-2,0,-2,1,1,0,5,1,8,1,8,1,9,3,11,3,12,2,14,4,16,7,17,8,18,8,18,10,17,10,17,8,16,6,13,4,10,1,8,1,7,-1,6,-6,5,-12,8,-15"
20.615224838256836,197,"CSI,3178,128,77,-47,20,0,20,16,22,14,22,13,19,15,17,16,17,16,13,17,7,17,7,15,9,12,10,11,9,8,7,5,9,2,11,1,13,-1,15,-5,16,-8,15,-8,15,-7,17,-6,18,-3,18,0,15,3,11,6,2,1,0,0,0,0,0,0,0,0,0,0,0,0,0,0,0,0,0,0,-1,-1,-2,-1,-2,0,-4,2,-4,4,-4,3,-2,3,1,5,5,5,3,5,-1,10,1,18,3,22,-1,20,-4,19,-6,19,-7,16,-6,14,-3,16,-2,15,-1,13,0,13,-1,13,0,13,7,12,12,11,12,9"
21.486535787582397,198,"CSI,4084,128,83,49,21,0,11,21,15,25,15,25,13,25,12,25,8,23,7,20,11,17,10,16,6,14,4,10,3,7,4,5,6,4,8,1,11,-1,13,-2,15,-2,15,1,15,1,15,-1,15,1,15,4,12,4,7,4,1,1,0,0,0,0,0,0,0,0,0,0,0,0,0,0,0,0,0,0,-2,-2,-6,-3,-1,-1,0,0,-2,1,-4,4,-3,7,-1,8,-2,8,-5,11,-8,13,-9,14,-9,14,-10,15,-11,16,-13,16,-13,14,-11,11,-11,12,-11,11,-9,11,-7,13,-5,13,-3,9,-1,8,1,11,3,11"
21.55479383468628,199,"CSI,37,128,83,49,21,0,10,9,9,11,7,12,6,10,5,8,4,9,3,8,1,2,-3,2,-5,4,-2,3,-1,3,1,3,2,2,3,3,6,2,7,0,7,0,6,2,5,4,4,5,4,5,3,4,2,3,0,2,-1,0,0,0,0,0,0,0,0,0,0,0,0,0,0,0,0,0,0,0,-1,1,-3,4,-1,4,-1,4,-5,3,-6,3,-3,2,-1,0,-2,-1,-1,1,0,3,0,4,0,6,2,9,2,9,-1,9,-1,10,0,10,-1,11,-2,9,-2,7,-2,7,-3,5,-2,3,0,3,3,4,5,5"
21.590828895568848,200,"CSI,3179,128,77,-47,20,0,-23,-6,-22,-7,-24,-8,-25,-8,-26,-7,-26,-5,-23,-9,-19,-15,-19,-12,-17,-8,-14,-5,-11,-2,-7,2,-6,6,-7,11,-8,13,-6,12,-5,12,-6,13,-7,14,-9,15,-10,13,-10,10,-10,10,-10,10,-3,2,0,0,0,0,0,0,0,0,0,0,0,0,0,0,0,0,0,0,1,0,4,1,3,-2,2,-2,1,-2,-2,-3,-4,-5,-3,-6,-2,-8,-3,-10,-5,-13,-6,-18,-5,-20,-3,-19,-2,-18,-2,-21,-1,-22,0,-20,1,-18,1,-16,-2,-13,-5,-11,-7,-12,-9,-11,-13,-8,-15,-8,-15,-11"
21.62422490119934,201,"CSI,4089,128,83,49,21,0,-20,-13,-24,-11,-23,-10,-21,-13,-22,-17,-21,-16,-17,-16,-13,-19,-12,-16,-12,-11,-10,-7,-8,-5,-6,0,-3,6,-5,9,-8,9,-8,8,-8,9,-10,11,-10,10,-9,9,-10,10,-12,9,-11,6,-10,3,-3,0,0,0,0,0,0,0,0,0,0,0,0,0,0,0,0,0,0,0,0,0,3,2,3,2,3,0,1,-3,-2,-6,-4,-7,-2,-8,-1,-10,-1,-10,-1,-12,-1,-17,0,-19,3,-20,5,-21,5,-21,4,-20,3,-19,4,-18,5,-16,3,-13,0,-11,-4,-10,-6,-11,-6,-13,-7,-12,-13,-8"
21.6546790599823,202,"CSI,2977,128,77,-47,20,0,15,-1,14,-3,13,-2,13,0,11,0,9,0,7,0,4,-3,4,-2,5,0,3,-1,0,-3,-1,-4,-1,-5,-2,-7,-3,-7,-4,-7,-5,-7,-5,-7,-4,-6,-3,-5,-3,-5,-1,-6,1,-6,0,-4,-1,-1,0,0,0,0,0,0,0,0,0,0,0,0,0,0,0,0,0,0,-1,-1,-4,-1,-4,-1,-5,-1,-5,-1,-4,-2,-3,-2,-3,0,-2,2,-2,4,-4,4,-3,3,-1,5,0,7,2,9,1,10,-3,9,-4,7,-2,7,-1,9,-3,9,-2,8,0,6,0,3,1,1,4,-1,7,-2"
21.6854567527771,203,"CSI,3180,128,77,-47,20,0,-6,20,-7,23,-11,25,-10,25,-10,25,-11,24,-8,16,-3,10,-6,11,-9,11,-7,11,-3,10,2,7,6,5,9,4,12,4,13,4,14,8,14,10,13,9,11,10,9,11,8,11,8,11,6,10,1,2,0,0,0,0,0,0,0,0,0,0,0,0,0,0,0,0,0,0,-1,0,-1,-1,-1,-2,-1,-1,-2,-1,-5,-1,-6,1,-8,1,-11,-1,-13,-1,-16,1,-18,2,-19,0,-20,0,-20,-1,-21,-3,-20,-3,-18,-2,-18,-4,-17,-3,-15,-1,-13,0,-15,3,-14,4,-10,5,-8,9,-9,13"
21.719305992126465,204,"CSI,3181,128,77,-47,20,0,-26,5,-26,3,-27,4,-28,3,-27,3,-25,3,-23,1,-21,-3,-17,-3,-15,3,-12,5,-8,5,-6,6,-4,7,-1,11,1,16,1,15,0,12,-2,13,-3,15,-4,16,-4,14,-4,13,-5,12,-4,12,-1,3,0,0,0,0,0,0,0,0,0,0,0,0,0,0,0,0,0,0,0,-1,1,-1,2,-1,1,-1,-2,-1,-5,-1,-7,-1,-7,-3,-7,-6,-8,-9,-11,-11,-15,-11,-14,-13,-11,-17,-10,-20,-11,-22,-13,-22,-13,-18,-11,-16,-10,-15,-11,-11,-12,-7,-13,-7,-13,-9,-14,-8,-15,-1,-16,3"
21.89372682571411,205,"CSI,3182,128,77,-47,20,0,-5,-18,-5,-14,-3,-10,-5,-6,-8,-4,-10,0,-12,-1,-17,-4,-20,-1,-21,3,-23,2,-26,0,-27,-1,-26,-3,-25,-4,-24,-7,-20,-7,-16,-7,-12,-8,-8,-5,-5,-2,-4,-1,-1,2,0,4,-2,5,-1,1,0,0,0,0,0,0,0,0,0,0,0,0,0,0,0,0,0,0,-1,-3,-2,-11,1,-13,3,-12,3,-10,5,-10,6,-11,5,-11,4,-10,5,-9,3,-9,1,-8,1,-8,0,-9,-2,-11,-5,-12,-7,-13,-8,-15,-9,-18,-8,-20,-9,-21,-10,-22,-10,-22,-9,-21,-10,-25,-12,-29,-15,-30"
21.924215078353882,206,"CSI,3,128,83,49,21,0,19,-1,14,-1,10,-2,6,-5,3,-10,2,-14,2,-18,1,-22,-2,-24,-5,-25,-5,-25,-2,-27,1,-26,1,-23,4,-23,6,-21,4,-15,3,-13,3,-12,3,-9,3,-5,1,-3,-2,0,-6,2,-9,1,-3,0,0,0,0,0,0,0,0,0,0,0,0,0,0,0,0,0,0,0,1,1,5,6,6,7,5,8,4,8,4,9,4,9,2,7,1,4,2,5,2,7,2,5,3,2,6,0,8,-2,12,-2,15,-2,17,-3,17,-4,19,-4,21,-3,22,-2,22,-2,23,-2,26,-2,29,-4,29,-6"
21.954710960388184,207,"CSI,3183,128,77,-47,20,0,-3,17,-2,15,0,13,2,11,4,9,8,5,15,5,20,7,22,3,22,-1,23,0,26,2,27,5,26,10,23,12,19,10,14,9,10,9,7,7,5,3,4,0,2,-3,0,-3,0,-4,-1,-7,-1,-3,0,0,0,0,0,0,0,0,0,0,0,0,0,0,0,0,0,0,-3,1,-8,5,-9,5,-11,3,-10,3,-9,2,-10,1,-11,0,-9,1,-8,1,-7,1,-4,2,-4,3,-5,5,-4,8,-4,11,-3,14,-2,16,-3,17,-6,18,-6,19,-6,19,-6,20,-4,22,-3,27,-4,30,-4,26"
21.988149881362915,208,"CSI,3184,128,77,-47,20,0,-14,-14,-12,-6,-11,-2,-10,0,-8,2,-7,4,-8,6,-7,8,-9,9,-15,10,-18,12,-20,12,-23,10,-24,9,-22,9,-19,7,-16,4,-14,2,-11,0,-7,-2,-3,-1,-1,3,2,5,4,6,6,7,1,2,0,0,0,0,0,0,0,0,0,0,0,0,0,0,0,0,0,0,-1,-2,-3,-7,-3,-9,-2,-10,-1,-11,-1,-9,-1,-7,-2,-8,-2,-11,2,-11,2,-7,-2,-7,-4,-10,-4,-10,-6,-8,-8,-8,-10,-8,-11,-9,-13,-12,-15,-13,-15,-12,-17,-15,-21,-15,-21,-15,-21,-17,-22,-17,-20,-16"
22.01612687110901,209,"CSI,7,128,83,49,21,0,24,3,18,4,11,2,8,-2,7,-7,5,-13,1,-18,-5,-23,-6,-23,-4,-20,-1,-18,2,-19,3,-22,4,-22,6,-22,8,-22,8,-17,5,-14,4,-9,3,-4,3,-3,-1,-2,-4,1,-6,2,-8,1,-3,0,0,0,0,0,0,0,0,0,0,0,0,0,0,0,0,0,0,0,1,1,5,8,2,9,-1,10,-1,10,-1,8,-1,6,0,7,-2,8,-1,9,1,8,4,7,4,7,3,4,6,2,9,4,11,6,12,6,13,7,16,7,18,7,20,8,21,7,22,3,23,0,26,1,26,3"
22.10353994369507,210,"CSI,10,128,83,49,21,0,10,-17,5,-15,3,-14,0,-11,-6,-7,-10,-8,-13,-9,-18,-8,-20,-8,-16,-11,-15,-15,-15,-17,-15,-18,-13,-19,-12,-18,-10,-17,-8,-15,-4,-12,-2,-10,-1,-10,0,-8,-2,-4,-5,0,-6,3,-5,5,-2,1,0,0,0,0,0,0,0,0,0,0,0,0,0,0,0,0,0,0,1,-2,7,-7,9,-4,8,-2,7,-2,7,0,8,0,10,0,8,-1,5,-2,6,-2,9,-2,11,-4,7,-6,3,-9,4,-10,6,-10,6,-11,9,-13,11,-15,11,-16,12,-16,13,-18,12,-22,9,-23,10,-22,12,-20"
22.715585947036743,211,"CSI,3185,128,77,-47,20,0,-12,15,-9,13,-3,10,4,9,7,10,9,9,11,12,11,18,12,17,15,12,14,10,14,13,14,17,12,18,10,17,8,16,7,15,4,12,3,9,2,6,0,4,1,2,5,-1,6,-3,6,-4,1,-1,0,0,0,0,0,0,0,0,0,0,0,0,0,0,0,0,0,0,-2,1,-7,5,-8,5,-9,4,-11,3,-11,3,-10,4,-10,3,-9,4,-8,5,-8,4,-9,3,-8,2,-6,4,-4,9,-6,12,-7,14,-7,13,-8,14,-9,17,-8,21,-7,23,-8,22,-11,21,-13,22,-15,23,-16,24"
22.74614191055298,212,"CSI,34,128,83,49,21,0,20,-4,16,-5,11,-8,6,-11,2,-14,0,-16,1,-18,4,-22,2,-22,-1,-21,-1,-21,0,-20,0,-19,4,-18,7,-18,8,-17,8,-14,8,-11,6,-11,4,-9,3,-6,0,-3,-3,-2,-6,-1,-8,1,-3,0,0,0,0,0,0,0,0,0,0,0,0,0,0,0,0,0,0,0,2,-1,9,-1,9,0,10,1,9,1,9,2,10,3,7,6,6,7,6,5,5,2,5,-2,6,-4,7,-4,7,-4,9,-5,11,-7,12,-8,15,-10,18,-10,18,-8,20,-8,19,-9,18,-9,22,-9,24,-7,24,-7"
22.77476406097412,213,"CSI,3186,128,77,-47,20,0,16,11,12,9,9,6,8,1,7,-4,8,-6,10,-9,9,-14,8,-16,11,-13,11,-12,13,-14,16,-15,17,-14,18,-12,18,-10,15,-8,11,-7,7,-6,5,-3,3,-1,0,-1,-2,-3,-5,-5,-8,-6,-3,-2,0,0,0,0,0,0,0,0,0,0,0,0,0,0,0,0,0,0,0,1,2,5,3,6,3,8,0,10,-4,11,-5,10,-4,10,-4,12,-3,11,-3,9,-2,9,0,8,4,8,5,10,7,9,9,9,10,11,11,12,13,12,15,14,17,15,19,16,17,17,17,16,20,17,21,19"
22.817394971847534,214,"CSI,38,128,83,49,21,0,22,-4,16,-2,14,-5,12,-7,7,-9,4,-11,-2,-14,-9,-18,-9,-18,-6,-18,-4,-20,-2,-19,-1,-19,0,-20,3,-19,5,-16,5,-13,5,-11,3,-8,2,-6,0,-5,-2,-4,-4,-3,-7,-1,-8,0,-2,0,0,0,0,0,0,0,0,0,0,0,0,0,0,0,0,0,0,0,2,1,9,3,9,3,9,6,10,7,9,4,7,5,7,7,8,6,8,5,7,4,9,2,10,0,8,-1,9,-2,11,-3,13,-4,13,-7,13,-7,17,-5,21,-6,20,-9,21,-8,27,-6,31,-6,29,-8,25,-7"
